order_id,order_date,year_month,order_month_num,order_month,quarter,customer_id,customer_name,city,customer_type,product_id,product_name,category,salesperson,payment_status,quantity,unit_cost,selling_price,discount_pct,discount_band,gross_sales,discount_amount,net_sales,cost,profit,profit_margin_pct,is_loss,unknown_customer,discount_outlier
O00001,2025-08-14,2025-08,8,Aug,Q3,C049,Customer 49,Noida,Corporate,P006,Product 6,Electrical,Neha,Pending,18,1677.16,2182.12,5,1-5%,39278.16,1963.91,37314.25,30188.88,7125.37,19.1,False,False,False
O00002,2025-10-04,2025-10,10,Oct,Q4,C003,Customer 3,Delhi,Retailer,P012,Product 12,Paint,Neha,Paid,6,2251.26,2763.16,5,1-5%,16578.96,828.95,15750.01,13507.56,2242.45,14.24,False,False,False
O00003,2025-10-13,2025-10,10,Oct,Q4,C045,Customer 45,Varanasi,Retailer,P009,Product 9,Safety,Imran,Paid,2,1361.75,1625.94,5,1-5%,3251.88,162.59,3089.29,2723.5,365.79,11.84,False,False,False
O00004,2025-04-07,2025-04,4,Apr,Q2,C014,Customer 14,Prayagraj,Corporate,P013,Product 13,Hardware,Imran,Overdue,15,2259.01,3086.58,8,6-10%,46298.7,3703.9,42594.8,33885.15,8709.65,20.45,False,False,False
O00005,2025-10-11,2025-10,10,Oct,Q4,C030,Customer 30,Varanasi,Corporate,P004,Product 4,Hardware,Amit,Pending,14,2203.16,2471.22,5,1-5%,34597.08,1729.85,32867.23,30844.24,2022.99,6.16,False,False,False
O00006,2025-11-13,2025-11,11,Nov,Q4,C068,Customer 68,Lucknow,Wholesaler,P024,Product 24,Electrical,Amit,Overdue,5,2254.5,3188.71,2,1-5%,15943.55,318.87,15624.68,11272.5,4352.18,27.85,False,False,False
O00007,2025-10-31,2025-10,10,Oct,Q4,C018,Customer 18,Patna,Retailer,P011,Product 11,Paint,Sana,Paid,6,305.31,365.85,0,0%,2195.1,0.0,2195.1,1831.86,363.24,16.55,False,False,False
O00008,2025-05-27,2025-05,5,May,Q2,C062,Customer 62,Jaipur,Wholesaler,P020,Product 20,Paint,Sana,Paid,6,1967.3,2375.55,5,1-5%,14253.3,712.66,13540.64,11803.8,1736.84,12.83,False,False,False
O00009,2025-01-04,2025-01,1,Jan,Q1,C037,Customer 37,Varanasi,Wholesaler,P018,Product 18,Hardware,Neha,Pending,18,2251.01,2590.72,15,>10%,46632.96,6994.94,39638.02,40518.18,-880.16,-2.22,True,False,False
O00010,2025-02-04,2025-02,2,Feb,Q1,C025,Customer 25,Varanasi,Retailer,P011,Product 11,Paint,Neha,Paid,14,305.31,365.85,5,1-5%,5121.9,256.1,4865.8,4274.34,591.47,12.16,False,False,False
O00012,2025-02-18,2025-02,2,Feb,Q1,C065,Customer 65,Jaipur,Corporate,P021,Product 21,Electrical,Rahul,Paid,14,1633.72,1961.31,8,6-10%,27458.34,2196.67,25261.67,22872.08,2389.59,9.46,False,False,False
O00013,2025-01-17,2025-01,1,Jan,Q1,C053,Customer 53,Prayagraj,Wholesaler,P004,Product 4,Hardware,Amit,Paid,13,2203.16,2471.22,15,>10%,32125.86,4818.88,27306.98,28641.08,-1334.1,-4.89,True,False,False
O00014,2025-06-21,2025-06,6,Jun,Q2,C079,Customer 79,Jaipur,Corporate,P018,Product 18,Hardware,Sana,Paid,3,2251.01,2590.72,10,6-10%,7772.16,777.22,6994.94,6753.03,241.91,3.46,False,False,False
O00015,2025-08-08,2025-08,8,Aug,Q3,C073,Customer 73,Lucknow,Corporate,P001,Product 1,Safety,Amit,Paid,6,905.38,1016.77,8,6-10%,6100.62,488.05,5612.57,5432.28,180.29,3.21,False,False,False
O00016,2025-06-07,2025-06,6,Jun,Q2,C015,Customer 15,Patna,Wholesaler,P007,Product 7,Paint,Amit,Paid,8,2057.68,2774.42,8,6-10%,22195.36,1775.63,20419.73,16461.44,3958.29,19.38,False,False,False
O00017,2025-02-15,2025-02,2,Feb,Q1,C049,Customer 49,Noida,Corporate,P006,Product 6,Electrical,Sana,Paid,12,1677.16,2182.12,10,6-10%,26185.44,2618.54,23566.9,20125.92,3440.98,14.6,False,False,False
O00018,2025-01-06,2025-01,1,Jan,Q1,C068,Customer 68,Lucknow,Wholesaler,P015,Product 15,Hardware,Rahul,Overdue,13,900.45,1260.85,5,1-5%,16391.05,819.55,15571.5,11705.85,3865.65,24.83,False,False,False
O00019,2025-04-09,2025-04,4,Apr,Q2,C012,Customer 12,Jaipur,Wholesaler,P018,Product 18,Hardware,Sana,Paid,11,2251.01,2590.72,5,1-5%,28497.92,1424.9,27073.02,24761.11,2311.91,8.54,False,False,False
O00020,2025-08-21,2025-08,8,Aug,Q3,C059,Customer 59,Prayagraj,Retailer,P024,Product 24,Electrical,Imran,Paid,12,2254.5,3188.71,0,0%,38264.52,0.0,38264.52,27054.0,11210.52,29.3,False,False,False
O00021,2025-02-06,2025-02,2,Feb,Q1,C037,Customer 37,Varanasi,Wholesaler,P011,Product 11,Paint,Imran,Pending,1,305.31,365.85,10,6-10%,365.85,36.58,329.26,305.31,23.96,7.28,False,False,False
O00022,2025-10-07,2025-10,10,Oct,Q4,C061,Customer 61,Prayagraj,Retailer,P020,Product 20,Paint,Imran,Paid,17,1967.3,2375.55,10,6-10%,40384.35,4038.44,36345.92,33444.1,2901.82,7.98,False,False,False
O00023,2025-12-15,2025-12,12,Dec,Q4,C043,Customer 43,Kanpur,Retailer,P024,Product 24,Electrical,Neha,Paid,16,2254.5,3188.71,0,0%,51019.36,0.0,51019.36,36072.0,14947.36,29.3,False,False,False
O00024,2025-10-29,2025-10,10,Oct,Q4,C070,Customer 70,Noida,Retailer,P015,Product 15,Hardware,Rahul,Pending,11,900.45,1260.85,8,6-10%,13869.35,1109.55,12759.8,9904.95,2854.85,22.37,False,False,False
O00025,2025-06-30,2025-06,6,Jun,Q2,C039,Customer 39,Lucknow,Retailer,P016,Product 16,Plumbing,Rahul,Paid,13,925.09,1236.86,5,1-5%,16079.18,803.96,15275.22,12026.17,3249.05,21.27,False,False,False
O00026,2025-04-05,2025-04,4,Apr,Q2,C056,Customer 56,Varanasi,Retailer,P007,Product 7,Paint,Neha,Pending,18,2057.68,2774.42,35,>10%,49939.56,17478.85,32460.71,37038.24,-4577.53,-14.1,True,False,True
O00027,2025-04-09,2025-04,4,Apr,Q2,C063,Customer 63,Delhi,Retailer,P021,Product 21,Electrical,Amit,Pending,11,1633.72,1961.31,15,>10%,21574.41,3236.16,18338.25,17970.92,367.33,2.0,False,False,False
O00028,2025-07-07,2025-07,7,Jul,Q3,C046,Customer 46,Varanasi,Retailer,P010,Product 10,Hardware,Imran,Overdue,12,665.28,901.47,2,1-5%,10817.64,216.35,10601.29,7983.36,2617.93,24.69,False,False,False
O00029,2025-04-26,2025-04,4,Apr,Q2,C011,Customer 11,Prayagraj,Corporate,P012,Product 12,Paint,Imran,Paid,6,2251.26,2763.16,0,0%,16578.96,0.0,16578.96,13507.56,3071.4,18.53,False,False,False
O00030,2025-07-10,2025-07,7,Jul,Q3,C062,Customer 62,Jaipur,Wholesaler,P024,Product 24,Electrical,Amit,Paid,9,2254.5,3188.71,8,6-10%,28698.39,2295.87,26402.52,20290.5,6112.02,23.15,False,False,False
O00031,2025-09-10,2025-09,9,Sep,Q3,C077,Customer 77,Varanasi,Corporate,P014,Product 14,Paint,Sana,Paid,16,1612.11,2151.17,8,6-10%,34418.72,2753.5,31665.22,25793.76,5871.46,18.54,False,False,False
O00032,2025-06-10,2025-06,6,Jun,Q2,C025,Customer 25,Varanasi,Retailer,P025,Product 25,Hardware,Sana,Paid,4,1547.56,2055.59,0,0%,8222.36,0.0,8222.36,6190.24,2032.12,24.71,False,False,False
O00033,2025-09-13,2025-09,9,Sep,Q3,C071,Customer 71,Kanpur,Retailer,P005,Product 5,Electrical,Rahul,Pending,3,704.22,826.1,8,6-10%,2478.3,198.26,2280.04,2112.66,167.38,7.34,False,False,False
O00034,2025-11-19,2025-11,11,Nov,Q4,C052,Customer 52,Noida,Wholesaler,P021,Product 21,Electrical,Neha,Paid,16,1633.72,1961.31,5,1-5%,31380.96,1569.05,29811.91,26139.52,3672.39,12.32,False,False,False
O00035,2025-05-08,2025-05,5,May,Q2,C004,Customer 4,Jaipur,Corporate,P018,Product 18,Hardware,Rahul,Paid,12,2251.01,2590.72,0,0%,31088.64,0.0,31088.64,27012.12,4076.52,13.11,False,False,False
O00036,2025-01-18,2025-01,1,Jan,Q1,C059,Customer 59,Prayagraj,Retailer,P005,Product 5,Electrical,Sana,Pending,11,704.22,826.1,2,1-5%,9087.1,181.74,8905.36,7746.42,1158.94,13.01,False,False,False
O00037,2025-10-08,2025-10,10,Oct,Q4,C072,Customer 72,Kanpur,Retailer,P003,Product 3,Plumbing,Amit,Paid,5,2317.76,3103.38,8,6-10%,15516.9,1241.35,14275.55,11588.8,2686.75,18.82,False,False,False
O00038,2025-08-11,2025-08,8,Aug,Q3,C020,Customer 20,Prayagraj,Retailer,P023,Product 23,Plumbing,Rahul,Paid,18,471.14,588.79,5,1-5%,10598.22,529.91,10068.31,8480.52,1587.79,15.77,False,False,False
O00039,2025-02-23,2025-02,2,Feb,Q1,C063,Customer 63,Delhi,Retailer,P005,Product 5,Electrical,Imran,Paid,19,704.22,826.1,15,>10%,15695.9,2354.39,13341.52,13380.18,-38.67,-0.29,True,False,False
O00040,2025-02-27,2025-02,2,Feb,Q1,C054,Customer 54,Varanasi,Wholesaler,P024,Product 24,Electrical,Imran,Pending,6,2254.5,3188.71,10,6-10%,19132.26,1913.23,17219.03,13527.0,3692.03,21.44,False,False,False
O00041,2025-11-19,2025-11,11,Nov,Q4,C999,Unknown,Unknown,Unknown,P017,Product 17,Hardware,Amit,Paid,18,1836.81,2401.71,15,>10%,43230.78,6484.62,36746.16,33062.58,3683.58,10.02,False,True,False
O00042,2025-12-26,2025-12,12,Dec,Q4,C057,Customer 57,Patna,Wholesaler,P019,Product 19,Paint,Sana,Pending,6,2226.75,2764.17,5,1-5%,16585.02,829.25,15755.77,13360.5,2395.27,15.2,False,False,False
O00043,2025-06-23,2025-06,6,Jun,Q2,C041,Customer 41,Prayagraj,Corporate,P019,Product 19,Paint,Imran,Paid,4,2226.75,2764.17,15,>10%,11056.68,1658.5,9398.18,8907.0,491.18,5.23,False,False,False
O00044,2025-10-07,2025-10,10,Oct,Q4,C003,Customer 3,Delhi,Retailer,P025,Product 25,Hardware,Imran,Pending,12,1547.56,2055.59,5,1-5%,24667.08,1233.35,23433.73,18570.72,4863.01,20.75,False,False,False
O00045,2025-04-24,2025-04,4,Apr,Q2,C006,Customer 6,Patna,Wholesaler,P021,Product 21,Electrical,Neha,Pending,19,1633.72,1961.31,5,1-5%,37264.89,1863.24,35401.65,31040.68,4360.97,12.32,False,False,False
O00046,2025-10-15,2025-10,10,Oct,Q4,C005,Customer 5,Prayagraj,Retailer,P012,Product 12,Paint,Rahul,Paid,2,2251.26,2763.16,0,0%,5526.32,0.0,5526.32,4502.52,1023.8,18.53,False,False,False
O00047,2025-12-08,2025-12,12,Dec,Q4,C005,Customer 5,Prayagraj,Retailer,P025,Product 25,Hardware,Sana,Paid,17,1547.56,2055.59,0,0%,34945.03,0.0,34945.03,26308.52,8636.51,24.71,False,False,False
O00048,2025-05-31,2025-05,5,May,Q2,C054,Customer 54,Varanasi,Wholesaler,P009,Product 9,Safety,Rahul,Paid,11,1361.75,1625.94,8,6-10%,17885.34,1430.83,16454.51,14979.25,1475.26,8.97,False,False,False
O00049,2025-05-07,2025-05,5,May,Q2,C047,Customer 47,Patna,Wholesaler,P001,Product 1,Safety,Sana,Pending,11,905.38,1016.77,5,1-5%,11184.47,559.22,10625.25,9959.18,666.07,6.27,False,False,False
O00050,2025-06-04,2025-06,6,Jun,Q2,C049,Customer 49,Noida,Corporate,P018,Product 18,Hardware,Imran,Paid,16,2251.01,2590.72,2,1-5%,41451.52,829.03,40622.49,36016.16,4606.33,11.34,False,False,False
O00051,2025-09-30,2025-09,9,Sep,Q3,C009,Customer 9,Jaipur,Wholesaler,P021,Product 21,Electrical,Neha,Paid,2,1633.72,1961.31,8,6-10%,3922.62,313.81,3608.81,3267.44,341.37,9.46,False,False,False
O00052,2025-04-14,2025-04,4,Apr,Q2,C020,Customer 20,Prayagraj,Retailer,P004,Product 4,Hardware,Rahul,Paid,2,2203.16,2471.22,5,1-5%,4942.44,247.12,4695.32,4406.32,289.0,6.16,False,False,False
O00053,2025-10-26,2025-10,10,Oct,Q4,C061,Customer 61,Prayagraj,Retailer,P010,Product 10,Hardware,Imran,Paid,8,665.28,901.47,8,6-10%,7211.76,576.94,6634.82,5322.24,1312.58,19.78,False,False,False
O00054,2025-09-03,2025-09,9,Sep,Q3,C035,Customer 35,Noida,Wholesaler,P025,Product 25,Hardware,Sana,Paid,13,1547.56,2055.59,5,1-5%,26722.67,1336.13,25386.54,20118.28,5268.26,20.75,False,False,False
O00055,2025-06-25,2025-06,6,Jun,Q2,C050,Customer 50,Noida,Retailer,P007,Product 7,Paint,Rahul,Paid,10,2057.68,2774.42,10,6-10%,27744.2,2774.42,24969.78,20576.8,4392.98,17.59,False,False,False
O00057,2025-06-19,2025-06,6,Jun,Q2,C017,Customer 17,Varanasi,Retailer,P023,Product 23,Plumbing,Imran,Pending,4,471.14,588.79,5,1-5%,2355.16,117.76,2237.4,1884.56,352.84,15.77,False,False,False
O00058,2025-09-04,2025-09,9,Sep,Q3,C003,Customer 3,Delhi,Retailer,P001,Product 1,Safety,Rahul,Paid,15,905.38,1016.77,5,1-5%,15251.55,762.58,14488.97,13580.7,908.27,6.27,False,False,False
O00059,2025-01-26,2025-01,1,Jan,Q1,C032,Customer 32,Lucknow,Retailer,P017,Product 17,Hardware,Neha,Paid,1,1836.81,2401.71,5,1-5%,2401.71,120.09,2281.62,1836.81,444.81,19.5,False,False,False
O00060,2025-12-21,2025-12,12,Dec,Q4,C013,Customer 13,Prayagraj,Corporate,P024,Product 24,Electrical,Neha,Overdue,11,2254.5,3188.71,10,6-10%,35075.81,3507.58,31568.23,24799.5,6768.73,21.44,False,False,False
O00061,2025-11-02,2025-11,11,Nov,Q4,C073,Customer 73,Lucknow,Corporate,P002,Product 2,Paint,Imran,Pending,7,354.61,409.04,5,1-5%,2863.28,143.16,2720.12,2482.27,237.85,8.74,False,False,False
O00062,2025-01-13,2025-01,1,Jan,Q1,C068,Customer 68,Lucknow,Wholesaler,P011,Product 11,Paint,Sana,Overdue,17,305.31,365.85,2,1-5%,6219.45,124.39,6095.06,5190.27,904.79,14.84,False,False,False
O00063,2025-11-12,2025-11,11,Nov,Q4,C014,Customer 14,Prayagraj,Corporate,P009,Product 9,Safety,Imran,Paid,20,1361.75,1625.94,0,0%,32518.8,0.0,32518.8,27235.0,5283.8,16.25,False,False,False
O00064,2025-11-09,2025-11,11,Nov,Q4,C011,Customer 11,Prayagraj,Corporate,P007,Product 7,Paint,Neha,Paid,18,2057.68,2774.42,5,1-5%,49939.56,2496.98,47442.58,37038.24,10404.34,21.93,False,False,False
O00065,2025-02-05,2025-02,2,Feb,Q1,C056,Customer 56,Varanasi,Retailer,P022,Product 22,Electrical,Amit,Paid,12,283.62,408.72,5,1-5%,4904.64,245.23,4659.41,3403.44,1255.97,26.96,False,False,False
O00066,2025-06-22,2025-06,6,Jun,Q2,C067,Customer 67,Varanasi,Retailer,P017,Product 17,Hardware,Amit,Pending,9,1836.81,2401.71,10,6-10%,21615.39,2161.54,19453.85,16531.29,2922.56,15.02,False,False,False
O00067,2025-01-20,2025-01,1,Jan,Q1,C029,Customer 29,Patna,Retailer,P017,Product 17,Hardware,Rahul,Paid,5,1836.81,2401.71,2,1-5%,12008.55,240.17,11768.38,9184.05,2584.33,21.96,False,False,False
O00068,2025-11-17,2025-11,11,Nov,Q4,C009,Customer 9,Jaipur,Wholesaler,P002,Product 2,Paint,Rahul,Paid,10,354.61,409.04,5,1-5%,4090.4,204.52,3885.88,3546.1,339.78,8.74,False,False,False
O00069,2025-09-21,2025-09,9,Sep,Q3,C067,Customer 67,Varanasi,Retailer,P006,Product 6,Electrical,Amit,Paid,4,1677.16,2182.12,10,6-10%,8728.48,872.85,7855.63,6708.64,1146.99,14.6,False,False,False
O00070,2025-05-22,2025-05,5,May,Q2,C025,Customer 25,Varanasi,Retailer,P014,Product 14,Paint,Neha,Paid,5,1612.11,2151.17,10,6-10%,10755.85,1075.58,9680.26,8060.55,1619.72,16.73,False,False,False
O00071,2025-05-23,2025-05,5,May,Q2,C076,Customer 76,Kanpur,Corporate,P006,Product 6,Electrical,Rahul,Paid,10,1677.16,2182.12,5,1-5%,21821.2,1091.06,20730.14,16771.6,3958.54,19.1,False,False,False
O00072,2025-04-02,2025-04,4,Apr,Q2,C042,Customer 42,Jaipur,Wholesaler,P002,Product 2,Paint,Imran,Paid,11,354.61,409.04,5,1-5%,4499.44,224.97,4274.47,3900.71,373.76,8.74,False,False,False
O00073,2025-12-20,2025-12,12,Dec,Q4,C009,Customer 9,Jaipur,Wholesaler,P001,Product 1,Safety,Imran,Paid,10,905.38,1016.77,5,1-5%,10167.7,508.38,9659.32,9053.8,605.52,6.27,False,False,False
O00074,2025-11-18,2025-11,11,Nov,Q4,C079,Customer 79,Jaipur,Corporate,P010,Product 10,Hardware,Neha,Paid,8,665.28,901.47,15,>10%,7211.76,1081.76,6130.0,5322.24,807.76,13.18,False,False,False
O00075,2025-10-15,2025-10,10,Oct,Q4,C040,Customer 40,Prayagraj,Retailer,P021,Product 21,Electrical,Rahul,Overdue,2,1633.72,1961.31,0,0%,3922.62,0.0,3922.62,3267.44,655.18,16.7,False,False,False
O00076,2025-08-03,2025-08,8,Aug,Q3,C025,Customer 25,Varanasi,Retailer,P005,Product 5,Electrical,Imran,Pending,8,704.22,826.1,15,>10%,6608.8,991.32,5617.48,5633.76,-16.28,-0.29,True,False,False
O00077,2025-12-08,2025-12,12,Dec,Q4,C005,Customer 5,Prayagraj,Retailer,P002,Product 2,Paint,Rahul,Overdue,16,354.61,409.04,8,6-10%,6544.64,523.57,6021.07,5673.76,347.31,5.77,False,False,False
O00078,2025-02-20,2025-02,2,Feb,Q1,C011,Customer 11,Prayagraj,Corporate,P022,Product 22,Electrical,Rahul,Pending,5,283.62,408.72,5,1-5%,2043.6,102.18,1941.42,1418.1,523.32,26.96,False,False,False
O00079,2025-06-02,2025-06,6,Jun,Q2,C059,Customer 59,Prayagraj,Retailer,P016,Product 16,Plumbing,Imran,Paid,3,925.09,1236.86,0,0%,3710.58,0.0,3710.58,2775.27,935.31,25.21,False,False,False
O00080,2025-07-05,2025-07,7,Jul,Q3,C079,Customer 79,Jaipur,Corporate,P025,Product 25,Hardware,Amit,Paid,12,1547.56,2055.59,5,1-5%,24667.08,1233.35,23433.73,18570.72,4863.01,20.75,False,False,False
O00081,2025-03-04,2025-03,3,Mar,Q1,C038,Customer 38,Lucknow,Retailer,P002,Product 2,Paint,Imran,Paid,13,354.61,409.04,5,1-5%,5317.52,265.88,5051.64,4609.93,441.71,8.74,False,False,False
O00082,2025-07-09,2025-07,7,Jul,Q3,C072,Customer 72,Kanpur,Retailer,P010,Product 10,Hardware,Neha,Paid,13,665.28,901.47,2,1-5%,11719.11,234.38,11484.73,8648.64,2836.09,24.69,False,False,False
O00083,2025-05-05,2025-05,5,May,Q2,C005,Customer 5,Prayagraj,Retailer,P002,Product 2,Paint,Sana,Paid,10,354.61,409.04,8,6-10%,4090.4,327.23,3763.17,3546.1,217.07,5.77,False,False,False
O00084,2025-05-30,2025-05,5,May,Q2,C048,Customer 48,Jaipur,Wholesaler,P016,Product 16,Plumbing,Imran,Paid,4,925.09,1236.86,15,>10%,4947.44,742.12,4205.32,3700.36,504.96,12.01,False,False,False
O00085,2025-11-10,2025-11,11,Nov,Q4,C018,Customer 18,Patna,Retailer,P016,Product 16,Plumbing,Rahul,Paid,9,925.09,1236.86,8,6-10%,11131.74,890.54,10241.2,8325.81,1915.39,18.7,False,False,False
O00086,2025-02-27,2025-02,2,Feb,Q1,C070,Customer 70,Noida,Retailer,P019,Product 19,Paint,Rahul,Paid,2,2226.75,2764.17,8,6-10%,5528.34,442.27,5086.07,4453.5,632.57,12.44,False,False,False
O00087,2025-12-08,2025-12,12,Dec,Q4,C037,Customer 37,Varanasi,Wholesaler,P007,Product 7,Paint,Imran,Paid,19,2057.68,2774.42,0,0%,52713.98,0.0,52713.98,39095.92,13618.06,25.83,False,False,False
O00088,2025-11-01,2025-11,11,Nov,Q4,C060,Customer 60,Delhi,Retailer,P022,Product 22,Electrical,Sana,Paid,1,283.62,408.72,5,1-5%,408.72,20.44,388.28,283.62,104.66,26.96,False,False,False
O00089,2025-06-29,2025-06,6,Jun,Q2,C048,Customer 48,Jaipur,Wholesaler,P012,Product 12,Paint,Imran,Pending,7,2251.26,2763.16,0,0%,19342.12,0.0,19342.12,15758.82,3583.3,18.53,False,False,False
O00090,2025-06-19,2025-06,6,Jun,Q2,C077,Customer 77,Varanasi,Corporate,P024,Product 24,Electrical,Sana,Paid,17,2254.5,3188.71,8,6-10%,54208.07,4336.65,49871.42,38326.5,11544.92,23.15,False,False,False
O00091,2025-11-22,2025-11,11,Nov,Q4,C028,Customer 28,Kanpur,Corporate,P015,Product 15,Hardware,Sana,Paid,3,900.45,1260.85,15,>10%,3782.55,567.38,3215.17,2701.35,513.82,15.98,False,False,False
O00092,2025-09-28,2025-09,9,Sep,Q3,C069,Customer 69,Varanasi,Retailer,P008,Product 8,Hardware,Neha,Paid,20,1423.59,1900.7,8,6-10%,38014.0,3041.12,34972.88,28471.8,6501.08,18.59,False,False,False
O00093,2025-02-23,2025-02,2,Feb,Q1,C077,Customer 77,Varanasi,Corporate,P006,Product 6,Electrical,Rahul,Paid,20,1677.16,2182.12,0,0%,43642.4,0.0,43642.4,33543.2,10099.2,23.14,False,False,False
O00094,2025-04-11,2025-04,4,Apr,Q2,C040,Customer 40,Prayagraj,Retailer,P010,Product 10,Hardware,Rahul,Paid,3,665.28,901.47,5,1-5%,2704.41,135.22,2569.19,1995.84,573.35,22.32,False,False,False
O00095,2025-09-21,2025-09,9,Sep,Q3,C045,Customer 45,Varanasi,Retailer,P003,Product 3,Plumbing,Sana,Paid,3,2317.76,3103.38,8,6-10%,9310.14,744.81,8565.33,6953.28,1612.05,18.82,False,False,False
O00096,2025-02-22,2025-02,2,Feb,Q1,C062,Customer 62,Jaipur,Wholesaler,P019,Product 19,Paint,Rahul,Paid,17,2226.75,2764.17,5,1-5%,46990.89,2349.54,44641.35,37854.75,6786.6,15.2,False,False,False
O00097,2025-03-01,2025-03,3,Mar,Q1,C058,Customer 58,Lucknow,Retailer,P017,Product 17,Hardware,Amit,Paid,7,1836.81,2401.71,10,6-10%,16811.97,1681.2,15130.77,12857.67,2273.1,15.02,False,False,False
O00098,2025-04-18,2025-04,4,Apr,Q2,C067,Customer 67,Varanasi,Retailer,P007,Product 7,Paint,Sana,Overdue,14,2057.68,2774.42,10,6-10%,38841.88,3884.19,34957.69,28807.52,6150.17,17.59,False,False,False
O00099,2025-01-05,2025-01,1,Jan,Q1,C056,Customer 56,Varanasi,Retailer,P021,Product 21,Electrical,Rahul,Overdue,17,1633.72,1961.31,8,6-10%,33342.27,2667.38,30674.89,27773.24,2901.65,9.46,False,False,False
O00100,2025-04-13,2025-04,4,Apr,Q2,C040,Customer 40,Prayagraj,Retailer,P020,Product 20,Paint,Amit,Paid,18,1967.3,2375.55,5,1-5%,42759.9,2138.0,40621.9,35411.4,5210.5,12.83,False,False,False
O00101,2025-07-15,2025-07,7,Jul,Q3,C040,Customer 40,Prayagraj,Retailer,P004,Product 4,Hardware,Neha,Paid,13,2203.16,2471.22,5,1-5%,32125.86,1606.29,30519.57,28641.08,1878.49,6.16,False,False,False
O00102,2025-09-19,2025-09,9,Sep,Q3,C077,Customer 77,Varanasi,Corporate,P014,Product 14,Paint,Rahul,Pending,20,1612.11,2151.17,0,0%,43023.4,0.0,43023.4,32242.2,10781.2,25.06,False,False,False
O00103,2025-12-31,2025-12,12,Dec,Q4,C033,Customer 33,Varanasi,Retailer,P020,Product 20,Paint,Amit,Paid,20,1967.3,2375.55,5,1-5%,47511.0,2375.55,45135.45,39346.0,5789.45,12.83,False,False,False
O00104,2025-12-16,2025-12,12,Dec,Q4,C006,Customer 6,Patna,Wholesaler,P022,Product 22,Electrical,Imran,Paid,18,283.62,408.72,5,1-5%,7356.96,367.85,6989.11,5105.16,1883.95,26.96,False,False,False
O00105,2025-02-16,2025-02,2,Feb,Q1,C019,Customer 19,Patna,Retailer,P015,Product 15,Hardware,Imran,Paid,4,900.45,1260.85,8,6-10%,5043.4,403.47,4639.93,3601.8,1038.13,22.37,False,False,False
O00106,2025-12-21,2025-12,12,Dec,Q4,C080,Customer 80,Varanasi,Wholesaler,P024,Product 24,Electrical,Amit,Overdue,1,2254.5,3188.71,8,6-10%,3188.71,255.1,2933.61,2254.5,679.11,23.15,False,False,False
O00107,2025-11-07,2025-11,11,Nov,Q4,C040,Customer 40,Prayagraj,Retailer,P008,Product 8,Hardware,Sana,Paid,18,1423.59,1900.7,0,0%,34212.6,0.0,34212.6,25624.62,8587.98,25.1,False,False,False
O00108,2025-11-04,2025-11,11,Nov,Q4,C059,Customer 59,Prayagraj,Retailer,P021,Product 21,Electrical,Sana,Paid,1,1633.72,1961.31,5,1-5%,1961.31,98.07,1863.24,1633.72,229.52,12.32,False,False,False
O00109,2025-05-24,2025-05,5,May,Q2,C059,Customer 59,Prayagraj,Retailer,P015,Product 15,Hardware,Rahul,Pending,13,900.45,1260.85,2,1-5%,16391.05,327.82,16063.23,11705.85,4357.38,27.13,False,False,False
O00110,2025-09-26,2025-09,9,Sep,Q3,C048,Customer 48,Jaipur,Wholesaler,P022,Product 22,Electrical,Imran,Paid,20,283.62,408.72,2,1-5%,8174.4,163.49,8010.91,5672.4,2338.51,29.19,False,False,False
O00111,2025-05-04,2025-05,5,May,Q2,C041,Customer 41,Prayagraj,Corporate,P020,Product 20,Paint,Sana,Paid,20,1967.3,2375.55,10,6-10%,47511.0,4751.1,42759.9,39346.0,3413.9,7.98,False,False,False
O00112,2025-04-16,2025-04,4,Apr,Q2,C013,Customer 13,Prayagraj,Corporate,P014,Product 14,Paint,Sana,Overdue,10,1612.11,2151.17,0,0%,21511.7,0.0,21511.7,16121.1,5390.6,25.06,False,False,False
O00113,2025-06-07,2025-06,6,Jun,Q2,C045,Customer 45,Varanasi,Retailer,P009,Product 9,Safety,Imran,Paid,11,1361.75,1625.94,5,1-5%,17885.34,894.27,16991.07,14979.25,2011.82,11.84,False,False,False
O00114,2025-05-27,2025-05,5,May,Q2,C053,Customer 53,Prayagraj,Wholesaler,P008,Product 8,Hardware,Neha,Paid,9,1423.59,1900.7,2,1-5%,17106.3,342.13,16764.17,12812.31,3951.86,23.57,False,False,False
O00115,2025-05-25,2025-05,5,May,Q2,C042,Customer 42,Jaipur,Wholesaler,P017,Product 17,Hardware,Sana,Paid,9,1836.81,2401.71,10,6-10%,21615.39,2161.54,19453.85,16531.29,2922.56,15.02,False,False,False
O00116,2025-04-30,2025-04,4,Apr,Q2,C063,Customer 63,Delhi,Retailer,P002,Product 2,Paint,Amit,Paid,5,354.61,409.04,8,6-10%,2045.2,163.62,1881.58,1773.05,108.53,5.77,False,False,False
O00117,2025-11-15,2025-11,11,Nov,Q4,C027,Customer 27,Noida,Retailer,P025,Product 25,Hardware,Rahul,Paid,1,1547.56,2055.59,2,1-5%,2055.59,41.11,2014.48,1547.56,466.92,23.18,False,False,False
O00118,2025-10-02,2025-10,10,Oct,Q4,C038,Customer 38,Lucknow,Retailer,P024,Product 24,Electrical,Sana,Paid,17,2254.5,3188.71,5,1-5%,54208.07,2710.4,51497.67,38326.5,13171.17,25.58,False,False,False
O00119,2025-04-02,2025-04,4,Apr,Q2,C060,Customer 60,Delhi,Retailer,P003,Product 3,Plumbing,Sana,Paid,2,2317.76,3103.38,8,6-10%,6206.76,496.54,5710.22,4635.52,1074.7,18.82,False,False,False
O00120,2025-02-27,2025-02,2,Feb,Q1,C007,Customer 7,Delhi,Retailer,P008,Product 8,Hardware,Neha,Pending,13,1423.59,1900.7,15,>10%,24709.1,3706.37,21002.74,18506.67,2496.07,11.88,False,False,False
O00121,2025-12-12,2025-12,12,Dec,Q4,C005,Customer 5,Prayagraj,Retailer,P012,Product 12,Paint,Amit,Paid,9,2251.26,2763.16,2,1-5%,24868.44,497.37,24371.07,20261.34,4109.73,16.86,False,False,False
O00122,2025-08-17,2025-08,8,Aug,Q3,C045,Customer 45,Varanasi,Retailer,P001,Product 1,Safety,Rahul,Paid,4,905.38,1016.77,10,6-10%,4067.08,406.71,3660.37,3621.52,38.85,1.06,False,False,False
O00123,2025-04-27,2025-04,4,Apr,Q2,C058,Customer 58,Lucknow,Retailer,P010,Product 10,Hardware,Sana,Paid,5,665.28,901.47,15,>10%,4507.35,676.1,3831.25,3326.4,504.85,13.18,False,False,False
O00124,2025-11-14,2025-11,11,Nov,Q4,C031,Customer 31,Delhi,Wholesaler,P020,Product 20,Paint,Rahul,Pending,11,1967.3,2375.55,15,>10%,26131.05,3919.66,22211.39,21640.3,571.09,2.57,False,False,False
O00125,2025-10-06,2025-10,10,Oct,Q4,C023,Customer 23,Kanpur,Corporate,P003,Product 3,Plumbing,Imran,Paid,19,2317.76,3103.38,8,6-10%,58964.22,4717.14,54247.08,44037.44,10209.64,18.82,False,False,False
O00126,2025-05-07,2025-05,5,May,Q2,C042,Customer 42,Jaipur,Wholesaler,P006,Product 6,Electrical,Sana,Paid,3,1677.16,2182.12,8,6-10%,6546.36,523.71,6022.65,5031.48,991.17,16.46,False,False,False
O00127,2025-05-09,2025-05,5,May,Q2,C010,Customer 10,Kanpur,Retailer,P007,Product 7,Paint,Sana,Paid,12,2057.68,2774.42,5,1-5%,33293.04,1664.65,31628.39,24692.16,6936.23,21.93,False,False,False
O00128,2025-02-27,2025-02,2,Feb,Q1,C032,Customer 32,Lucknow,Retailer,P020,Product 20,Paint,Imran,Paid,19,1967.3,2375.55,10,6-10%,45135.45,4513.55,40621.91,37378.7,3243.21,7.98,False,False,False
O00129,2025-05-02,2025-05,5,May,Q2,C053,Customer 53,Prayagraj,Wholesaler,P023,Product 23,Plumbing,Neha,Paid,19,471.14,588.79,5,1-5%,11187.01,559.35,10627.66,8951.66,1676.0,15.77,False,False,False
O00130,2025-01-01,2025-01,1,Jan,Q1,C030,Customer 30,Varanasi,Corporate,P025,Product 25,Hardware,Sana,Pending,13,1547.56,2055.59,8,6-10%,26722.67,2137.81,24584.86,20118.28,4466.58,18.17,False,False,False
O00131,2025-08-27,2025-08,8,Aug,Q3,C039,Customer 39,Lucknow,Retailer,P018,Product 18,Hardware,Rahul,Paid,7,2251.01,2590.72,5,1-5%,18135.04,906.75,17228.29,15757.07,1471.22,8.54,False,False,False
O00132,2025-10-17,2025-10,10,Oct,Q4,C031,Customer 31,Delhi,Wholesaler,P011,Product 11,Paint,Amit,Paid,15,305.31,365.85,8,6-10%,5487.75,439.02,5048.73,4579.65,469.08,9.29,False,False,False
O00133,2025-04-06,2025-04,4,Apr,Q2,C002,Customer 2,Varanasi,Retailer,P019,Product 19,Paint,Rahul,Paid,7,2226.75,2764.17,10,6-10%,19349.19,1934.92,17414.27,15587.25,1827.02,10.49,False,False,False
O00134,2025-05-06,2025-05,5,May,Q2,C078,Customer 78,Varanasi,Retailer,P005,Product 5,Electrical,Neha,Pending,8,704.22,826.1,0,0%,6608.8,0.0,6608.8,5633.76,975.04,14.75,False,False,False
O00135,2025-04-28,2025-04,4,Apr,Q2,C077,Customer 77,Varanasi,Corporate,P019,Product 19,Paint,Amit,Paid,5,2226.75,2764.17,10,6-10%,13820.85,1382.08,12438.76,11133.75,1305.01,10.49,False,False,False
O00136,2025-02-17,2025-02,2,Feb,Q1,C012,Customer 12,Jaipur,Wholesaler,P011,Product 11,Paint,Rahul,Paid,14,305.31,365.85,5,1-5%,5121.9,256.1,4865.8,4274.34,591.47,12.16,False,False,False
O00137,2025-03-30,2025-03,3,Mar,Q1,C039,Customer 39,Lucknow,Retailer,P024,Product 24,Electrical,Rahul,Paid,4,2254.5,3188.71,10,6-10%,12754.84,1275.48,11479.36,9018.0,2461.36,21.44,False,False,False
O00138,2025-08-25,2025-08,8,Aug,Q3,C066,Customer 66,Kanpur,Retailer,P012,Product 12,Paint,Imran,Paid,10,2251.26,2763.16,5,1-5%,27631.6,1381.58,26250.02,22512.6,3737.42,14.24,False,False,False
O00139,2025-09-29,2025-09,9,Sep,Q3,C013,Customer 13,Prayagraj,Corporate,P010,Product 10,Hardware,Neha,Paid,20,665.28,901.47,5,1-5%,18029.4,901.47,17127.93,13305.6,3822.33,22.32,False,False,False
O00140,2025-07-08,2025-07,7,Jul,Q3,C046,Customer 46,Varanasi,Retailer,P008,Product 8,Hardware,Imran,Paid,15,1423.59,1900.7,15,>10%,28510.5,4276.58,24233.92,21353.85,2880.08,11.88,False,False,False
O00141,2025-07-11,2025-07,7,Jul,Q3,C027,Customer 27,Noida,Retailer,P024,Product 24,Electrical,Amit,Paid,18,2254.5,3188.71,5,1-5%,57396.78,2869.84,54526.94,40581.0,13945.94,25.58,False,False,False
O00142,2025-03-10,2025-03,3,Mar,Q1,C017,Customer 17,Varanasi,Retailer,P009,Product 9,Safety,Imran,Paid,20,1361.75,1625.94,10,6-10%,32518.8,3251.88,29266.92,27235.0,2031.92,6.94,False,False,False
O00143,2025-10-05,2025-10,10,Oct,Q4,C060,Customer 60,Delhi,Retailer,P004,Product 4,Hardware,Neha,Paid,13,2203.16,2471.22,5,1-5%,32125.86,1606.29,30519.57,28641.08,1878.49,6.16,False,False,False
O00144,2025-12-15,2025-12,12,Dec,Q4,C064,Customer 64,Lucknow,Wholesaler,P005,Product 5,Electrical,Sana,Paid,8,704.22,826.1,5,1-5%,6608.8,330.44,6278.36,5633.76,644.6,10.27,False,False,False
O00145,2025-09-04,2025-09,9,Sep,Q3,C035,Customer 35,Noida,Wholesaler,P021,Product 21,Electrical,Sana,Paid,9,1633.72,1961.31,5,1-5%,17651.79,882.59,16769.2,14703.48,2065.72,12.32,False,False,False
O00146,2025-03-17,2025-03,3,Mar,Q1,C070,Customer 70,Noida,Retailer,P008,Product 8,Hardware,Amit,Pending,16,1423.59,1900.7,8,6-10%,30411.2,2432.9,27978.3,22777.44,5200.86,18.59,False,False,False
O00147,2025-06-03,2025-06,6,Jun,Q2,C030,Customer 30,Varanasi,Corporate,P023,Product 23,Plumbing,Sana,Overdue,19,471.14,588.79,5,1-5%,11187.01,559.35,10627.66,8951.66,1676.0,15.77,False,False,False
O00148,2025-05-24,2025-05,5,May,Q2,C071,Customer 71,Kanpur,Retailer,P009,Product 9,Safety,Imran,Overdue,16,1361.75,1625.94,0,0%,26015.04,0.0,26015.04,21788.0,4227.04,16.25,False,False,False
O00149,2025-03-27,2025-03,3,Mar,Q1,C074,Customer 74,Kanpur,Corporate,P015,Product 15,Hardware,Amit,Pending,7,900.45,1260.85,5,1-5%,8825.95,441.3,8384.65,6303.15,2081.5,24.83,False,False,False
O00150,2025-07-04,2025-07,7,Jul,Q3,C063,Customer 63,Delhi,Retailer,P015,Product 15,Hardware,Neha,Paid,14,900.45,1260.85,0,0%,17651.9,0.0,17651.9,12606.3,5045.6,28.58,False,False,False
O00151,2025-10-12,2025-10,10,Oct,Q4,C028,Customer 28,Kanpur,Corporate,P016,Product 16,Plumbing,Amit,Pending,14,925.09,1236.86,15,>10%,17316.04,2597.41,14718.63,12951.26,1767.37,12.01,False,False,False
O00152,2025-08-08,2025-08,8,Aug,Q3,C060,Customer 60,Delhi,Retailer,P014,Product 14,Paint,Amit,Paid,4,1612.11,2151.17,15,>10%,8604.68,1290.7,7313.98,6448.44,865.54,11.83,False,False,False
O00153,2025-03-10,2025-03,3,Mar,Q1,C079,Customer 79,Jaipur,Corporate,P008,Product 8,Hardware,Rahul,Paid,15,1423.59,1900.7,5,1-5%,28510.5,1425.52,27084.98,21353.85,5731.12,21.16,False,False,False
O00154,2025-02-16,2025-02,2,Feb,Q1,C037,Customer 37,Varanasi,Wholesaler,P018,Product 18,Hardware,Rahul,Paid,3,2251.01,2590.72,8,6-10%,7772.16,621.77,7150.39,6753.03,397.36,5.56,False,False,False
O00155,2025-04-04,2025-04,4,Apr,Q2,C022,Customer 22,Delhi,Retailer,P010,Product 10,Hardware,Amit,Paid,5,665.28,901.47,5,1-5%,4507.35,225.37,4281.98,3326.4,955.58,22.32,False,False,False
O00156,2025-08-26,2025-08,8,Aug,Q3,C068,Customer 68,Lucknow,Wholesaler,P020,Product 20,Paint,Sana,Pending,1,1967.3,2375.55,8,6-10%,2375.55,190.04,2185.51,1967.3,218.21,9.98,False,False,False
O00157,2025-07-23,2025-07,7,Jul,Q3,C020,Customer 20,Prayagraj,Retailer,P006,Product 6,Electrical,Rahul,Paid,3,1677.16,2182.12,10,6-10%,6546.36,654.64,5891.72,5031.48,860.24,14.6,False,False,False
O00158,2025-08-06,2025-08,8,Aug,Q3,C068,Customer 68,Lucknow,Wholesaler,P012,Product 12,Paint,Neha,Paid,15,2251.26,2763.16,15,>10%,41447.4,6217.11,35230.29,33768.9,1461.39,4.15,False,False,False
O00159,2025-12-07,2025-12,12,Dec,Q4,C064,Customer 64,Lucknow,Wholesaler,P002,Product 2,Paint,Imran,Overdue,8,354.61,409.04,5,1-5%,3272.32,163.62,3108.7,2836.88,271.82,8.74,False,False,False
O00160,2025-02-08,2025-02,2,Feb,Q1,C017,Customer 17,Varanasi,Retailer,P007,Product 7,Paint,Rahul,Paid,4,2057.68,2774.42,10,6-10%,11097.68,1109.77,9987.91,8230.72,1757.19,17.59,False,False,False
O00161,2025-04-10,2025-04,4,Apr,Q2,C012,Customer 12,Jaipur,Wholesaler,P016,Product 16,Plumbing,Amit,Paid,2,925.09,1236.86,5,1-5%,2473.72,123.69,2350.03,1850.18,499.85,21.27,False,False,False
O00162,2025-10-16,2025-10,10,Oct,Q4,C022,Customer 22,Delhi,Retailer,P003,Product 3,Plumbing,Sana,Overdue,10,2317.76,3103.38,15,>10%,31033.8,4655.07,26378.73,23177.6,3201.13,12.14,False,False,False
O00163,2025-09-11,2025-09,9,Sep,Q3,C017,Customer 17,Varanasi,Retailer,P013,Product 13,Hardware,Imran,Paid,4,2259.01,3086.58,0,0%,12346.32,0.0,12346.32,9036.04,3310.28,26.81,False,False,False
O00164,2025-08-10,2025-08,8,Aug,Q3,C010,Customer 10,Kanpur,Retailer,P003,Product 3,Plumbing,Rahul,Paid,3,2317.76,3103.38,8,6-10%,9310.14,744.81,8565.33,6953.28,1612.05,18.82,False,False,False
O00165,2025-12-23,2025-12,12,Dec,Q4,C065,Customer 65,Jaipur,Corporate,P018,Product 18,Hardware,Sana,Paid,2,2251.01,2590.72,8,6-10%,5181.44,414.52,4766.92,4502.02,264.9,5.56,False,False,False
O00166,2025-01-23,2025-01,1,Jan,Q1,C022,Customer 22,Delhi,Retailer,P011,Product 11,Paint,Sana,Paid,17,305.31,365.85,8,6-10%,6219.45,497.56,5721.89,5190.27,531.62,9.29,False,False,False
O00167,2025-09-07,2025-09,9,Sep,Q3,C050,Customer 50,Noida,Retailer,P008,Product 8,Hardware,Sana,Pending,20,1423.59,1900.7,0,0%,38014.0,0.0,38014.0,28471.8,9542.2,25.1,False,False,False
O00168,2025-01-10,2025-01,1,Jan,Q1,C014,Customer 14,Prayagraj,Corporate,P006,Product 6,Electrical,Amit,Paid,13,1677.16,2182.12,15,>10%,28367.56,4255.13,24112.43,21803.08,2309.35,9.58,False,False,False
O00169,2025-09-03,2025-09,9,Sep,Q3,C064,Customer 64,Lucknow,Wholesaler,P001,Product 1,Safety,Neha,Paid,5,905.38,1016.77,2,1-5%,5083.85,101.68,4982.17,4526.9,455.27,9.14,False,False,False
O00170,2025-11-21,2025-11,11,Nov,Q4,C047,Customer 47,Patna,Wholesaler,P001,Product 1,Safety,Sana,Paid,9,905.38,1016.77,8,6-10%,9150.93,732.07,8418.86,8148.42,270.44,3.21,False,False,False
O00171,2025-04-10,2025-04,4,Apr,Q2,C029,Customer 29,Patna,Retailer,P023,Product 23,Plumbing,Imran,Paid,6,471.14,588.79,2,1-5%,3532.74,70.65,3462.09,2826.84,635.25,18.35,False,False,False
O00172,2025-10-17,2025-10,10,Oct,Q4,C076,Customer 76,Kanpur,Corporate,P008,Product 8,Hardware,Rahul,Overdue,5,1423.59,1900.7,5,1-5%,9503.5,475.18,9028.33,7117.95,1910.38,21.16,False,False,False
O00173,2025-06-29,2025-06,6,Jun,Q2,C036,Customer 36,Delhi,Wholesaler,P005,Product 5,Electrical,Imran,Paid,10,704.22,826.1,5,1-5%,8261.0,413.05,7847.95,7042.2,805.75,10.27,False,False,False
O00174,2025-08-11,2025-08,8,Aug,Q3,C052,Customer 52,Noida,Wholesaler,P016,Product 16,Plumbing,Amit,Paid,8,925.09,1236.86,5,1-5%,9894.88,494.74,9400.14,7400.72,1999.42,21.27,False,False,False
O00175,2025-09-07,2025-09,9,Sep,Q3,C076,Customer 76,Kanpur,Corporate,P011,Product 11,Paint,Amit,Paid,7,305.31,365.85,2,1-5%,2560.95,51.22,2509.73,2137.17,372.56,14.84,False,False,False
O00176,2025-05-27,2025-05,5,May,Q2,C007,Customer 7,Delhi,Retailer,P005,Product 5,Electrical,Imran,Pending,7,704.22,826.1,2,1-5%,5782.7,115.65,5667.05,4929.54,737.51,13.01,False,False,False
O00177,2025-04-06,2025-04,4,Apr,Q2,C029,Customer 29,Patna,Retailer,P004,Product 4,Hardware,Neha,Overdue,6,2203.16,2471.22,5,1-5%,14827.32,741.37,14085.95,13218.96,866.99,6.16,False,False,False
O00178,2025-09-14,2025-09,9,Sep,Q3,C011,Customer 11,Prayagraj,Corporate,P006,Product 6,Electrical,Amit,Paid,20,1677.16,2182.12,10,6-10%,43642.4,4364.24,39278.16,33543.2,5734.96,14.6,False,False,False
O00179,2025-11-21,2025-11,11,Nov,Q4,C033,Customer 33,Varanasi,Retailer,P014,Product 14,Paint,Amit,Paid,3,1612.11,2151.17,10,6-10%,6453.51,645.35,5808.16,4836.33,971.83,16.73,False,False,False
O00180,2025-01-04,2025-01,1,Jan,Q1,C006,Customer 6,Patna,Wholesaler,P022,Product 22,Electrical,Imran,Paid,19,283.62,408.72,0,0%,7765.68,0.0,7765.68,5388.78,2376.9,30.61,False,False,False
O00181,2025-01-16,2025-01,1,Jan,Q1,C079,Customer 79,Jaipur,Corporate,P019,Product 19,Paint,Amit,Pending,15,2226.75,2764.17,5,1-5%,41462.55,2073.13,39389.42,33401.25,5988.17,15.2,False,False,False
O00182,2025-10-07,2025-10,10,Oct,Q4,C032,Customer 32,Lucknow,Retailer,P009,Product 9,Safety,Neha,Paid,4,1361.75,1625.94,0,0%,6503.76,0.0,6503.76,5447.0,1056.76,16.25,False,False,False
O00183,2025-12-02,2025-12,12,Dec,Q4,C051,Customer 51,Jaipur,Retailer,P012,Product 12,Paint,Neha,Pending,12,2251.26,2763.16,0,0%,33157.92,0.0,33157.92,27015.12,6142.8,18.53,False,False,False
O00184,2025-09-04,2025-09,9,Sep,Q3,C075,Customer 75,Delhi,Wholesaler,P011,Product 11,Paint,Neha,Paid,6,305.31,365.85,8,6-10%,2195.1,175.61,2019.49,1831.86,187.63,9.29,False,False,False
O00185,2025-09-15,2025-09,9,Sep,Q3,C058,Customer 58,Lucknow,Retailer,P014,Product 14,Paint,Rahul,Pending,19,1612.11,2151.17,8,6-10%,40872.23,3269.78,37602.45,30630.09,6972.36,18.54,False,False,False
O00186,2025-06-09,2025-06,6,Jun,Q2,C026,Customer 26,Noida,Wholesaler,P023,Product 23,Plumbing,Neha,Paid,4,471.14,588.79,2,1-5%,2355.16,47.1,2308.06,1884.56,423.5,18.35,False,False,False
O00187,2025-12-06,2025-12,12,Dec,Q4,C046,Customer 46,Varanasi,Retailer,P016,Product 16,Plumbing,Neha,Paid,15,925.09,1236.86,2,1-5%,18552.9,371.06,18181.84,13876.35,4305.49,23.68,False,False,False
O00188,2025-06-01,2025-06,6,Jun,Q2,C029,Customer 29,Patna,Retailer,P001,Product 1,Safety,Rahul,Paid,9,905.38,1016.77,0,0%,9150.93,0.0,9150.93,8148.42,1002.51,10.96,False,False,False
O00189,2025-06-27,2025-06,6,Jun,Q2,C004,Customer 4,Jaipur,Corporate,P013,Product 13,Hardware,Sana,Paid,5,2259.01,3086.58,10,6-10%,15432.9,1543.29,13889.61,11295.05,2594.56,18.68,False,False,False
O00190,2025-06-12,2025-06,6,Jun,Q2,C013,Customer 13,Prayagraj,Corporate,P023,Product 23,Plumbing,Amit,Overdue,13,471.14,588.79,15,>10%,7654.27,1148.14,6506.13,6124.82,381.31,5.86,False,False,False
O00191,2025-02-02,2025-02,2,Feb,Q1,C039,Customer 39,Lucknow,Retailer,P021,Product 21,Electrical,Neha,Pending,18,1633.72,1961.31,0,0%,35303.58,0.0,35303.58,29406.96,5896.62,16.7,False,False,False
O00192,2025-06-28,2025-06,6,Jun,Q2,C015,Customer 15,Patna,Wholesaler,P021,Product 21,Electrical,Amit,Paid,5,1633.72,1961.31,2,1-5%,9806.55,196.13,9610.42,8168.6,1441.82,15.0,False,False,False
O00193,2025-04-11,2025-04,4,Apr,Q2,C029,Customer 29,Patna,Retailer,P013,Product 13,Hardware,Imran,Paid,16,2259.01,3086.58,10,6-10%,49385.28,4938.53,44446.75,36144.16,8302.59,18.68,False,False,False
O00194,2025-09-25,2025-09,9,Sep,Q3,C029,Customer 29,Patna,Retailer,P002,Product 2,Paint,Amit,Paid,19,354.61,409.04,15,>10%,7771.76,1165.76,6606.0,6737.59,-131.59,-1.99,True,False,False
O00195,2025-11-19,2025-11,11,Nov,Q4,C075,Customer 75,Delhi,Wholesaler,P004,Product 4,Hardware,Rahul,Pending,14,2203.16,2471.22,5,1-5%,34597.08,1729.85,32867.23,30844.24,2022.99,6.16,False,False,False
O00196,2025-03-06,2025-03,3,Mar,Q1,C032,Customer 32,Lucknow,Retailer,P006,Product 6,Electrical,Amit,Paid,16,1677.16,2182.12,0,0%,34913.92,0.0,34913.92,26834.56,8079.36,23.14,False,False,False
O00197,2025-06-17,2025-06,6,Jun,Q2,C002,Customer 2,Varanasi,Retailer,P023,Product 23,Plumbing,Amit,Paid,15,471.14,588.79,0,0%,8831.85,0.0,8831.85,7067.1,1764.75,19.98,False,False,False
O00198,2025-11-26,2025-11,11,Nov,Q4,C047,Customer 47,Patna,Wholesaler,P005,Product 5,Electrical,Amit,Paid,4,704.22,826.1,8,6-10%,3304.4,264.35,3040.05,2816.88,223.17,7.34,False,False,False
O00199,2025-02-12,2025-02,2,Feb,Q1,C078,Customer 78,Varanasi,Retailer,P025,Product 25,Hardware,Sana,Paid,7,1547.56,2055.59,5,1-5%,14389.13,719.46,13669.67,10832.92,2836.75,20.75,False,False,False
O00200,2025-02-13,2025-02,2,Feb,Q1,C022,Customer 22,Delhi,Retailer,P003,Product 3,Plumbing,Sana,Paid,16,2317.76,3103.38,0,0%,49654.08,0.0,49654.08,37084.16,12569.92,25.31,False,False,False
O00201,2025-10-12,2025-10,10,Oct,Q4,C075,Customer 75,Delhi,Wholesaler,P001,Product 1,Safety,Imran,Paid,8,905.38,1016.77,8,6-10%,8134.16,650.73,7483.43,7243.04,240.39,3.21,False,False,False
O00202,2025-01-12,2025-01,1,Jan,Q1,C027,Customer 27,Noida,Retailer,P004,Product 4,Hardware,Rahul,Paid,17,2203.16,2471.22,0,0%,42010.74,0.0,42010.74,37453.72,4557.02,10.85,False,False,False
O00203,2025-04-05,2025-04,4,Apr,Q2,C067,Customer 67,Varanasi,Retailer,P025,Product 25,Hardware,Amit,Overdue,16,1547.56,2055.59,10,6-10%,32889.44,3288.94,29600.5,24760.96,4839.54,16.35,False,False,False
O00204,2025-10-29,2025-10,10,Oct,Q4,C056,Customer 56,Varanasi,Retailer,P020,Product 20,Paint,Amit,Paid,10,1967.3,2375.55,5,1-5%,23755.5,1187.78,22567.72,19673.0,2894.72,12.83,False,False,False
O00205,2025-09-10,2025-09,9,Sep,Q3,C021,Customer 21,Noida,Retailer,P002,Product 2,Paint,Amit,Paid,10,354.61,409.04,0,0%,4090.4,0.0,4090.4,3546.1,544.3,13.31,False,False,False
O00206,2025-08-30,2025-08,8,Aug,Q3,C047,Customer 47,Patna,Wholesaler,P005,Product 5,Electrical,Amit,Paid,2,704.22,826.1,8,6-10%,1652.2,132.18,1520.02,1408.44,111.58,7.34,False,False,False
O00207,2025-02-04,2025-02,2,Feb,Q1,C080,Customer 80,Varanasi,Wholesaler,P003,Product 3,Plumbing,Sana,Pending,9,2317.76,3103.38,5,1-5%,27930.42,1396.52,26533.9,20859.84,5674.06,21.38,False,False,False
O00208,2025-08-03,2025-08,8,Aug,Q3,C059,Customer 59,Prayagraj,Retailer,P009,Product 9,Safety,Imran,Paid,17,1361.75,1625.94,15,>10%,27640.98,4146.15,23494.83,23149.75,345.08,1.47,False,False,False
O00209,2025-12-03,2025-12,12,Dec,Q4,C006,Customer 6,Patna,Wholesaler,P020,Product 20,Paint,Neha,Paid,11,1967.3,2375.55,5,1-5%,26131.05,1306.55,24824.5,21640.3,3184.2,12.83,False,False,False
O00210,2025-03-31,2025-03,3,Mar,Q1,C019,Customer 19,Patna,Retailer,P006,Product 6,Electrical,Rahul,Paid,10,1677.16,2182.12,5,1-5%,21821.2,1091.06,20730.14,16771.6,3958.54,19.1,False,False,False
O00211,2025-09-21,2025-09,9,Sep,Q3,C057,Customer 57,Patna,Wholesaler,P018,Product 18,Hardware,Amit,Paid,17,2251.01,2590.72,8,6-10%,44042.24,3523.38,40518.86,38267.17,2251.69,5.56,False,False,False
O00212,2025-04-03,2025-04,4,Apr,Q2,C069,Customer 69,Varanasi,Retailer,P006,Product 6,Electrical,Imran,Paid,4,1677.16,2182.12,5,1-5%,8728.48,436.42,8292.06,6708.64,1583.42,19.1,False,False,False
O00213,2025-03-31,2025-03,3,Mar,Q1,C003,Customer 3,Delhi,Retailer,P019,Product 19,Paint,Neha,Pending,16,2226.75,2764.17,15,>10%,44226.72,6634.01,37592.71,35628.0,1964.71,5.23,False,False,False
O00214,2025-04-25,2025-04,4,Apr,Q2,C001,Customer 1,Jaipur,Retailer,P012,Product 12,Paint,Imran,Pending,20,2251.26,2763.16,5,1-5%,55263.2,2763.16,52500.04,45025.2,7474.84,14.24,False,False,False
O00215,2025-04-15,2025-04,4,Apr,Q2,C058,Customer 58,Lucknow,Retailer,P025,Product 25,Hardware,Sana,Paid,15,1547.56,2055.59,5,1-5%,30833.85,1541.69,29292.16,23213.4,6078.76,20.75,False,False,False
O00216,2025-07-15,2025-07,7,Jul,Q3,C038,Customer 38,Lucknow,Retailer,P011,Product 11,Paint,Neha,Paid,5,305.31,365.85,0,0%,1829.25,0.0,1829.25,1526.55,302.7,16.55,False,False,False
O00217,2025-11-10,2025-11,11,Nov,Q4,C015,Customer 15,Patna,Wholesaler,P002,Product 2,Paint,Imran,Overdue,6,354.61,409.04,5,1-5%,2454.24,122.71,2331.53,2127.66,203.87,8.74,False,False,False
O00218,2025-04-24,2025-04,4,Apr,Q2,C034,Customer 34,Kanpur,Corporate,P015,Product 15,Hardware,Sana,Paid,17,900.45,1260.85,10,6-10%,21434.45,2143.45,19291.0,15307.65,3983.35,20.65,False,False,False
O00219,2025-03-16,2025-03,3,Mar,Q1,C061,Customer 61,Prayagraj,Retailer,P012,Product 12,Paint,Imran,Pending,1,2251.26,2763.16,10,6-10%,2763.16,276.32,2486.84,2251.26,235.58,9.47,False,False,False
O00220,2025-08-05,2025-08,8,Aug,Q3,C035,Customer 35,Noida,Wholesaler,P012,Product 12,Paint,Imran,Paid,19,2251.26,2763.16,2,1-5%,52500.04,1050.0,51450.04,42773.94,8676.1,16.86,False,False,False
O00221,2025-10-04,2025-10,10,Oct,Q4,C064,Customer 64,Lucknow,Wholesaler,P009,Product 9,Safety,Neha,Overdue,4,1361.75,1625.94,2,1-5%,6503.76,130.08,6373.68,5447.0,926.68,14.54,False,False,False
O00222,2025-09-06,2025-09,9,Sep,Q3,C025,Customer 25,Varanasi,Retailer,P021,Product 21,Electrical,Sana,Pending,17,1633.72,1961.31,10,6-10%,33342.27,3334.23,30008.04,27773.24,2234.8,7.45,False,False,False
O00223,2025-06-13,2025-06,6,Jun,Q2,C024,Customer 24,Patna,Retailer,P024,Product 24,Electrical,Amit,Overdue,9,2254.5,3188.71,15,>10%,28698.39,4304.76,24393.63,20290.5,4103.13,16.82,False,False,False
O00224,2025-12-23,2025-12,12,Dec,Q4,C012,Customer 12,Jaipur,Wholesaler,P002,Product 2,Paint,Rahul,Paid,2,354.61,409.04,0,0%,818.08,0.0,818.08,709.22,108.86,13.31,False,False,False
O00225,2025-07-11,2025-07,7,Jul,Q3,C018,Customer 18,Patna,Retailer,P022,Product 22,Electrical,Neha,Paid,8,283.62,408.72,5,1-5%,3269.76,163.49,3106.27,2268.96,837.31,26.96,False,False,False
O00226,2025-08-15,2025-08,8,Aug,Q3,C015,Customer 15,Patna,Wholesaler,P003,Product 3,Plumbing,Sana,Overdue,15,2317.76,3103.38,5,1-5%,46550.7,2327.54,44223.16,34766.4,9456.76,21.38,False,False,False
O00227,2025-06-26,2025-06,6,Jun,Q2,C080,Customer 80,Varanasi,Wholesaler,P012,Product 12,Paint,Imran,Paid,7,2251.26,2763.16,10,6-10%,19342.12,1934.21,17407.91,15758.82,1649.09,9.47,False,False,False
O00228,2025-04-09,2025-04,4,Apr,Q2,C027,Customer 27,Noida,Retailer,P016,Product 16,Plumbing,Sana,Paid,6,925.09,1236.86,0,0%,7421.16,0.0,7421.16,5550.54,1870.62,25.21,False,False,False
O00229,2025-02-05,2025-02,2,Feb,Q1,C072,Customer 72,Kanpur,Retailer,P021,Product 21,Electrical,Rahul,Pending,1,1633.72,1961.31,2,1-5%,1961.31,39.23,1922.08,1633.72,288.36,15.0,False,False,False
O00230,2025-04-06,2025-04,4,Apr,Q2,C060,Customer 60,Delhi,Retailer,P024,Product 24,Electrical,Rahul,Pending,15,2254.5,3188.71,10,6-10%,47830.65,4783.06,43047.58,33817.5,9230.08,21.44,False,False,False
O00231,2025-06-01,2025-06,6,Jun,Q2,C046,Customer 46,Varanasi,Retailer,P001,Product 1,Safety,Amit,Overdue,7,905.38,1016.77,0,0%,7117.39,0.0,7117.39,6337.66,779.73,10.96,False,False,False
O00232,2025-05-31,2025-05,5,May,Q2,C017,Customer 17,Varanasi,Retailer,P021,Product 21,Electrical,Amit,Paid,17,1633.72,1961.31,5,1-5%,33342.27,1667.11,31675.16,27773.24,3901.92,12.32,False,False,False
O00233,2025-07-09,2025-07,7,Jul,Q3,C053,Customer 53,Prayagraj,Wholesaler,P003,Product 3,Plumbing,Rahul,Pending,2,2317.76,3103.38,5,1-5%,6206.76,310.34,5896.42,4635.52,1260.9,21.38,False,False,False
O00234,2025-08-12,2025-08,8,Aug,Q3,C008,Customer 8,Delhi,Wholesaler,P020,Product 20,Paint,Neha,Pending,9,1967.3,2375.55,5,1-5%,21379.95,1069.0,20310.95,17705.7,2605.25,12.83,False,False,False
O00235,2025-02-06,2025-02,2,Feb,Q1,C079,Customer 79,Jaipur,Corporate,P002,Product 2,Paint,Neha,Paid,9,354.61,409.04,5,1-5%,3681.36,184.07,3497.29,3191.49,305.8,8.74,False,False,False
O00236,2025-09-25,2025-09,9,Sep,Q3,C027,Customer 27,Noida,Retailer,P009,Product 9,Safety,Imran,Paid,13,1361.75,1625.94,5,1-5%,21137.22,1056.86,20080.36,17702.75,2377.61,11.84,False,False,False
O00237,2025-07-02,2025-07,7,Jul,Q3,C046,Customer 46,Varanasi,Retailer,P019,Product 19,Paint,Amit,Paid,6,2226.75,2764.17,2,1-5%,16585.02,331.7,16253.32,13360.5,2892.82,17.8,False,False,False
O00238,2025-01-13,2025-01,1,Jan,Q1,C050,Customer 50,Noida,Retailer,P015,Product 15,Hardware,Imran,Paid,6,900.45,1260.85,8,6-10%,7565.1,605.21,6959.89,5402.7,1557.19,22.37,False,False,False
O00239,2025-10-06,2025-10,10,Oct,Q4,C071,Customer 71,Kanpur,Retailer,P018,Product 18,Hardware,Amit,Overdue,20,2251.01,2590.72,10,6-10%,51814.4,5181.44,46632.96,45020.2,1612.76,3.46,False,False,False
O00240,2025-08-05,2025-08,8,Aug,Q3,C003,Customer 3,Delhi,Retailer,P011,Product 11,Paint,Rahul,Paid,20,305.31,365.85,10,6-10%,7317.0,731.7,6585.3,6106.2,479.1,7.28,False,False,False
O00241,2025-12-21,2025-12,12,Dec,Q4,C064,Customer 64,Lucknow,Wholesaler,P025,Product 25,Hardware,Neha,Pending,3,1547.56,2055.59,2,1-5%,6166.77,123.34,6043.43,4642.68,1400.75,23.18,False,False,False
O00242,2025-12-27,2025-12,12,Dec,Q4,C044,Customer 44,Patna,Retailer,P023,Product 23,Plumbing,Neha,Overdue,17,471.14,588.79,0,0%,10009.43,0.0,10009.43,8009.38,2000.05,19.98,False,False,False
O00243,2025-10-13,2025-10,10,Oct,Q4,C053,Customer 53,Prayagraj,Wholesaler,P016,Product 16,Plumbing,Rahul,Paid,17,925.09,1236.86,5,1-5%,21026.62,1051.33,19975.29,15726.53,4248.76,21.27,False,False,False
O00244,2025-09-30,2025-09,9,Sep,Q3,C024,Customer 24,Patna,Retailer,P022,Product 22,Electrical,Imran,Pending,12,283.62,408.72,5,1-5%,4904.64,245.23,4659.41,3403.44,1255.97,26.96,False,False,False
O00245,2025-03-03,2025-03,3,Mar,Q1,C060,Customer 60,Delhi,Retailer,P017,Product 17,Hardware,Imran,Paid,16,1836.81,2401.71,5,1-5%,38427.36,1921.37,36505.99,29388.96,7117.03,19.5,False,False,False
O00246,2025-03-25,2025-03,3,Mar,Q1,C003,Customer 3,Delhi,Retailer,P005,Product 5,Electrical,Sana,Pending,15,704.22,826.1,8,6-10%,12391.5,991.32,11400.18,10563.3,836.88,7.34,False,False,False
O00247,2025-08-05,2025-08,8,Aug,Q3,C020,Customer 20,Prayagraj,Retailer,P012,Product 12,Paint,Amit,Paid,13,2251.26,2763.16,0,0%,35921.08,0.0,35921.08,29266.38,6654.7,18.53,False,False,False
O00248,2025-12-08,2025-12,12,Dec,Q4,C046,Customer 46,Varanasi,Retailer,P011,Product 11,Paint,Imran,Overdue,1,305.31,365.85,0,0%,365.85,0.0,365.85,305.31,60.54,16.55,False,False,False
O00249,2025-07-06,2025-07,7,Jul,Q3,C015,Customer 15,Patna,Wholesaler,P015,Product 15,Hardware,Rahul,Paid,17,900.45,1260.85,5,1-5%,21434.45,1071.72,20362.73,15307.65,5055.08,24.83,False,False,False
O00250,2025-01-19,2025-01,1,Jan,Q1,C025,Customer 25,Varanasi,Retailer,P003,Product 3,Plumbing,Imran,Paid,3,2317.76,3103.38,8,6-10%,9310.14,744.81,8565.33,6953.28,1612.05,18.82,False,False,False
O00251,2025-06-26,2025-06,6,Jun,Q2,C078,Customer 78,Varanasi,Retailer,P001,Product 1,Safety,Neha,Pending,15,905.38,1016.77,2,1-5%,15251.55,305.03,14946.52,13580.7,1365.82,9.14,False,False,False
O00252,2025-04-10,2025-04,4,Apr,Q2,C071,Customer 71,Kanpur,Retailer,P020,Product 20,Paint,Amit,Paid,4,1967.3,2375.55,8,6-10%,9502.2,760.18,8742.02,7869.2,872.82,9.98,False,False,False
O00253,2025-08-21,2025-08,8,Aug,Q3,C017,Customer 17,Varanasi,Retailer,P016,Product 16,Plumbing,Sana,Paid,4,925.09,1236.86,5,1-5%,4947.44,247.37,4700.07,3700.36,999.71,21.27,False,False,False
O00254,2025-03-17,2025-03,3,Mar,Q1,C009,Customer 9,Jaipur,Wholesaler,P002,Product 2,Paint,Amit,Paid,18,354.61,409.04,10,6-10%,7362.72,736.27,6626.45,6382.98,243.47,3.67,False,False,False
O00255,2025-09-22,2025-09,9,Sep,Q3,C038,Customer 38,Lucknow,Retailer,P002,Product 2,Paint,Neha,Pending,17,354.61,409.04,10,6-10%,6953.68,695.37,6258.31,6028.37,229.94,3.67,False,False,False
O00256,2025-10-11,2025-10,10,Oct,Q4,C048,Customer 48,Jaipur,Wholesaler,P003,Product 3,Plumbing,Neha,Paid,19,2317.76,3103.38,5,1-5%,58964.22,2948.21,56016.01,44037.44,11978.57,21.38,False,False,False
O00257,2025-07-25,2025-07,7,Jul,Q3,C060,Customer 60,Delhi,Retailer,P008,Product 8,Hardware,Neha,Paid,11,1423.59,1900.7,2,1-5%,20907.7,418.15,20489.55,15659.49,4830.06,23.57,False,False,False
O00258,2025-08-11,2025-08,8,Aug,Q3,C063,Customer 63,Delhi,Retailer,P024,Product 24,Electrical,Neha,Paid,20,2254.5,3188.71,5,1-5%,63774.2,3188.71,60585.49,45090.0,15495.49,25.58,False,False,False
O00259,2025-02-21,2025-02,2,Feb,Q1,C002,Customer 2,Varanasi,Retailer,P015,Product 15,Hardware,Rahul,Paid,3,900.45,1260.85,2,1-5%,3782.55,75.65,3706.9,2701.35,1005.55,27.13,False,False,False
O00260,2025-12-05,2025-12,12,Dec,Q4,C072,Customer 72,Kanpur,Retailer,P007,Product 7,Paint,Sana,Paid,8,2057.68,2774.42,8,6-10%,22195.36,1775.63,20419.73,16461.44,3958.29,19.38,False,False,False
O00261,2025-05-24,2025-05,5,May,Q2,C011,Customer 11,Prayagraj,Corporate,P006,Product 6,Electrical,Neha,Paid,14,1677.16,2182.12,10,6-10%,30549.68,3054.97,27494.71,23480.24,4014.47,14.6,False,False,False
O00262,2025-03-10,2025-03,3,Mar,Q1,C064,Customer 64,Lucknow,Wholesaler,P009,Product 9,Safety,Neha,Paid,1,1361.75,1625.94,8,6-10%,1625.94,130.08,1495.86,1361.75,134.11,8.97,False,False,False
O00263,2025-04-09,2025-04,4,Apr,Q2,C077,Customer 77,Varanasi,Corporate,P020,Product 20,Paint,Imran,Paid,14,1967.3,2375.55,10,6-10%,33257.7,3325.77,29931.93,27542.2,2389.73,7.98,False,False,False
O00264,2025-01-25,2025-01,1,Jan,Q1,C072,Customer 72,Kanpur,Retailer,P001,Product 1,Safety,Sana,Paid,2,905.38,1016.77,5,1-5%,2033.54,101.68,1931.86,1810.76,121.1,6.27,False,False,False
O00265,2025-02-22,2025-02,2,Feb,Q1,C021,Customer 21,Noida,Retailer,P008,Product 8,Hardware,Amit,Pending,4,1423.59,1900.7,2,1-5%,7602.8,152.06,7450.74,5694.36,1756.38,23.57,False,False,False
O00266,2025-05-31,2025-05,5,May,Q2,C018,Customer 18,Patna,Retailer,P023,Product 23,Plumbing,Sana,Paid,19,471.14,588.79,8,6-10%,11187.01,894.96,10292.05,8951.66,1340.39,13.02,False,False,False
O00267,2025-05-24,2025-05,5,May,Q2,C064,Customer 64,Lucknow,Wholesaler,P023,Product 23,Plumbing,Sana,Paid,6,471.14,588.79,5,1-5%,3532.74,176.64,3356.1,2826.84,529.26,15.77,False,False,False
O00268,2025-02-26,2025-02,2,Feb,Q1,C038,Customer 38,Lucknow,Retailer,P003,Product 3,Plumbing,Sana,Paid,1,2317.76,3103.38,8,6-10%,3103.38,248.27,2855.11,2317.76,537.35,18.82,False,False,False
O00269,2025-02-08,2025-02,2,Feb,Q1,C032,Customer 32,Lucknow,Retailer,P004,Product 4,Hardware,Neha,Paid,17,2203.16,2471.22,5,1-5%,42010.74,2100.54,39910.2,37453.72,2456.48,6.16,False,False,False
O00270,2025-04-19,2025-04,4,Apr,Q2,C011,Customer 11,Prayagraj,Corporate,P025,Product 25,Hardware,Neha,Pending,8,1547.56,2055.59,0,0%,16444.72,0.0,16444.72,12380.48,4064.24,24.71,False,False,False
O00271,2025-06-30,2025-06,6,Jun,Q2,C045,Customer 45,Varanasi,Retailer,P015,Product 15,Hardware,Rahul,Paid,19,900.45,1260.85,15,>10%,23956.15,3593.42,20362.73,17108.55,3254.18,15.98,False,False,False
O00272,2025-02-11,2025-02,2,Feb,Q1,C033,Customer 33,Varanasi,Retailer,P006,Product 6,Electrical,Amit,Paid,1,1677.16,2182.12,2,1-5%,2182.12,43.64,2138.48,1677.16,461.32,21.57,False,False,False
O00273,2025-07-05,2025-07,7,Jul,Q3,C041,Customer 41,Prayagraj,Corporate,P015,Product 15,Hardware,Imran,Paid,5,900.45,1260.85,15,>10%,6304.25,945.64,5358.61,4502.25,856.36,15.98,False,False,False
O00274,2025-08-11,2025-08,8,Aug,Q3,C008,Customer 8,Delhi,Wholesaler,P021,Product 21,Electrical,Sana,Pending,16,1633.72,1961.31,15,>10%,31380.96,4707.14,26673.82,26139.52,534.3,2.0,False,False,False
O00275,2025-05-02,2025-05,5,May,Q2,C011,Customer 11,Prayagraj,Corporate,P003,Product 3,Plumbing,Amit,Paid,6,2317.76,3103.38,10,6-10%,18620.28,1862.03,16758.25,13906.56,2851.69,17.02,False,False,False
O00276,2025-05-13,2025-05,5,May,Q2,C051,Customer 51,Jaipur,Retailer,P025,Product 25,Hardware,Amit,Paid,8,1547.56,2055.59,8,6-10%,16444.72,1315.58,15129.14,12380.48,2748.66,18.17,False,False,False
O00277,2025-06-12,2025-06,6,Jun,Q2,C041,Customer 41,Prayagraj,Corporate,P021,Product 21,Electrical,Rahul,Paid,13,1633.72,1961.31,8,6-10%,25497.03,2039.76,23457.27,21238.36,2218.91,9.46,False,False,False
O00278,2025-08-03,2025-08,8,Aug,Q3,C017,Customer 17,Varanasi,Retailer,P021,Product 21,Electrical,Imran,Overdue,16,1633.72,1961.31,10,6-10%,31380.96,3138.1,28242.86,26139.52,2103.34,7.45,False,False,False
O00279,2025-08-09,2025-08,8,Aug,Q3,C076,Customer 76,Kanpur,Corporate,P014,Product 14,Paint,Sana,Paid,3,1612.11,2151.17,5,1-5%,6453.51,322.68,6130.83,4836.33,1294.5,21.11,False,False,False
O00280,2025-08-23,2025-08,8,Aug,Q3,C046,Customer 46,Varanasi,Retailer,P020,Product 20,Paint,Imran,Paid,19,1967.3,2375.55,5,1-5%,45135.45,2256.77,42878.68,37378.7,5499.98,12.83,False,False,False
O00281,2025-11-27,2025-11,11,Nov,Q4,C032,Customer 32,Lucknow,Retailer,P014,Product 14,Paint,Rahul,Overdue,12,1612.11,2151.17,8,6-10%,25814.04,2065.12,23748.92,19345.32,4403.6,18.54,False,False,False
O00282,2025-05-26,2025-05,5,May,Q2,C079,Customer 79,Jaipur,Corporate,P004,Product 4,Hardware,Neha,Pending,16,2203.16,2471.22,5,1-5%,39539.52,1976.98,37562.54,35250.56,2311.98,6.16,False,False,False
O00283,2025-08-27,2025-08,8,Aug,Q3,C080,Customer 80,Varanasi,Wholesaler,P012,Product 12,Paint,Amit,Paid,11,2251.26,2763.16,5,1-5%,30394.76,1519.74,28875.02,24763.86,4111.16,14.24,False,False,False
O00284,2025-03-17,2025-03,3,Mar,Q1,C054,Customer 54,Varanasi,Wholesaler,P017,Product 17,Hardware,Sana,Pending,10,1836.81,2401.71,5,1-5%,24017.1,1200.86,22816.24,18368.1,4448.15,19.5,False,False,False
O00285,2025-01-09,2025-01,1,Jan,Q1,C020,Customer 20,Prayagraj,Retailer,P007,Product 7,Paint,Neha,Pending,20,2057.68,2774.42,8,6-10%,55488.4,4439.07,51049.33,41153.6,9895.73,19.38,False,False,False
O00286,2025-03-15,2025-03,3,Mar,Q1,C033,Customer 33,Varanasi,Retailer,P009,Product 9,Safety,Rahul,Paid,4,1361.75,1625.94,10,6-10%,6503.76,650.38,5853.38,5447.0,406.38,6.94,False,False,False
O00287,2025-09-10,2025-09,9,Sep,Q3,C074,Customer 74,Kanpur,Corporate,P003,Product 3,Plumbing,Imran,Paid,12,2317.76,3103.38,2,1-5%,37240.56,744.81,36495.75,27813.12,8682.63,23.79,False,False,False
O00288,2025-08-18,2025-08,8,Aug,Q3,C040,Customer 40,Prayagraj,Retailer,P013,Product 13,Hardware,Amit,Paid,2,2259.01,3086.58,15,>10%,6173.16,925.97,5247.19,4518.02,729.17,13.9,False,False,False
O00289,2025-01-07,2025-01,1,Jan,Q1,C032,Customer 32,Lucknow,Retailer,P015,Product 15,Hardware,Sana,Overdue,19,900.45,1260.85,8,6-10%,23956.15,1916.49,22039.66,17108.55,4931.11,22.37,False,False,False
O00290,2025-06-23,2025-06,6,Jun,Q2,C002,Customer 2,Varanasi,Retailer,P018,Product 18,Hardware,Neha,Pending,5,2251.01,2590.72,10,6-10%,12953.6,1295.36,11658.24,11255.05,403.19,3.46,False,False,False
O00291,2025-05-21,2025-05,5,May,Q2,C033,Customer 33,Varanasi,Retailer,P019,Product 19,Paint,Neha,Paid,8,2226.75,2764.17,8,6-10%,22113.36,1769.07,20344.29,17814.0,2530.29,12.44,False,False,False
O00292,2025-06-17,2025-06,6,Jun,Q2,C077,Customer 77,Varanasi,Corporate,P001,Product 1,Safety,Amit,Pending,7,905.38,1016.77,10,6-10%,7117.39,711.74,6405.65,6337.66,67.99,1.06,False,False,False
O00293,2025-06-19,2025-06,6,Jun,Q2,C030,Customer 30,Varanasi,Corporate,P006,Product 6,Electrical,Imran,Paid,14,1677.16,2182.12,0,0%,30549.68,0.0,30549.68,23480.24,7069.44,23.14,False,False,False
O00294,2025-10-10,2025-10,10,Oct,Q4,C033,Customer 33,Varanasi,Retailer,P023,Product 23,Plumbing,Rahul,Paid,3,471.14,588.79,10,6-10%,1766.37,176.64,1589.73,1413.42,176.31,11.09,False,False,False
O00295,2025-05-02,2025-05,5,May,Q2,C077,Customer 77,Varanasi,Corporate,P002,Product 2,Paint,Imran,Paid,18,354.61,409.04,0,0%,7362.72,0.0,7362.72,6382.98,979.74,13.31,False,False,False
O00296,2025-07-13,2025-07,7,Jul,Q3,C026,Customer 26,Noida,Wholesaler,P024,Product 24,Electrical,Imran,Paid,16,2254.5,3188.71,10,6-10%,51019.36,5101.94,45917.42,36072.0,9845.42,21.44,False,False,False
O00297,2025-01-05,2025-01,1,Jan,Q1,C022,Customer 22,Delhi,Retailer,P014,Product 14,Paint,Imran,Pending,19,1612.11,2151.17,15,>10%,40872.23,6130.83,34741.4,30630.09,4111.31,11.83,False,False,False
O00298,2025-01-29,2025-01,1,Jan,Q1,C066,Customer 66,Kanpur,Retailer,P006,Product 6,Electrical,Amit,Paid,19,1677.16,2182.12,5,1-5%,41460.28,2073.01,39387.27,31866.04,7521.23,19.1,False,False,False
O00299,2025-06-14,2025-06,6,Jun,Q2,C038,Customer 38,Lucknow,Retailer,P014,Product 14,Paint,Amit,Pending,18,1612.11,2151.17,2,1-5%,38721.06,774.42,37946.64,29017.98,8928.66,23.53,False,False,False
O00300,2025-12-05,2025-12,12,Dec,Q4,C046,Customer 46,Varanasi,Retailer,P004,Product 4,Hardware,Rahul,Paid,20,2203.16,2471.22,10,6-10%,49424.4,4942.44,44481.96,44063.2,418.76,0.94,False,False,False
O00301,2025-05-16,2025-05,5,May,Q2,C015,Customer 15,Patna,Wholesaler,P021,Product 21,Electrical,Imran,Paid,16,1633.72,1961.31,5,1-5%,31380.96,1569.05,29811.91,26139.52,3672.39,12.32,False,False,False
O00302,2025-12-31,2025-12,12,Dec,Q4,C044,Customer 44,Patna,Retailer,P008,Product 8,Hardware,Amit,Overdue,8,1423.59,1900.7,10,6-10%,15205.6,1520.56,13685.04,11388.72,2296.32,16.78,False,False,False
O00303,2025-11-17,2025-11,11,Nov,Q4,C049,Customer 49,Noida,Corporate,P003,Product 3,Plumbing,Rahul,Paid,1,2317.76,3103.38,0,0%,3103.38,0.0,3103.38,2317.76,785.62,25.31,False,False,False
O00304,2025-12-08,2025-12,12,Dec,Q4,C075,Customer 75,Delhi,Wholesaler,P019,Product 19,Paint,Rahul,Paid,17,2226.75,2764.17,0,0%,46990.89,0.0,46990.89,37854.75,9136.14,19.44,False,False,False
O00305,2025-05-25,2025-05,5,May,Q2,C061,Customer 61,Prayagraj,Retailer,P014,Product 14,Paint,Imran,Paid,12,1612.11,2151.17,15,>10%,25814.04,3872.11,21941.93,19345.32,2596.61,11.83,False,False,False
O00306,2025-11-23,2025-11,11,Nov,Q4,C067,Customer 67,Varanasi,Retailer,P020,Product 20,Paint,Sana,Pending,11,1967.3,2375.55,8,6-10%,26131.05,2090.48,24040.57,21640.3,2400.27,9.98,False,False,False
O00307,2025-08-05,2025-08,8,Aug,Q3,C006,Customer 6,Patna,Wholesaler,P017,Product 17,Hardware,Imran,Paid,5,1836.81,2401.71,10,6-10%,12008.55,1200.86,10807.7,9184.05,1623.64,15.02,False,False,False
O00308,2025-10-28,2025-10,10,Oct,Q4,C009,Customer 9,Jaipur,Wholesaler,P025,Product 25,Hardware,Sana,Paid,12,1547.56,2055.59,5,1-5%,24667.08,1233.35,23433.73,18570.72,4863.01,20.75,False,False,False
O00309,2025-05-12,2025-05,5,May,Q2,C006,Customer 6,Patna,Wholesaler,P008,Product 8,Hardware,Rahul,Paid,17,1423.59,1900.7,8,6-10%,32311.9,2584.95,29726.95,24201.03,5525.92,18.59,False,False,False
O00310,2025-10-19,2025-10,10,Oct,Q4,C073,Customer 73,Lucknow,Corporate,P024,Product 24,Electrical,Amit,Paid,6,2254.5,3188.71,8,6-10%,19132.26,1530.58,17601.68,13527.0,4074.68,23.15,False,False,False
O00311,2025-03-11,2025-03,3,Mar,Q1,C032,Customer 32,Lucknow,Retailer,P014,Product 14,Paint,Neha,Pending,1,1612.11,2151.17,8,6-10%,2151.17,172.09,1979.08,1612.11,366.97,18.54,False,False,False
O00312,2025-09-09,2025-09,9,Sep,Q3,C041,Customer 41,Prayagraj,Corporate,P006,Product 6,Electrical,Rahul,Paid,5,1677.16,2182.12,8,6-10%,10910.6,872.85,10037.75,8385.8,1651.95,16.46,False,False,False
O00313,2025-10-02,2025-10,10,Oct,Q4,C076,Customer 76,Kanpur,Corporate,P023,Product 23,Plumbing,Amit,Paid,14,471.14,588.79,8,6-10%,8243.06,659.44,7583.62,6595.96,987.66,13.02,False,False,False
O00314,2025-12-30,2025-12,12,Dec,Q4,C008,Customer 8,Delhi,Wholesaler,P022,Product 22,Electrical,Rahul,Paid,5,283.62,408.72,5,1-5%,2043.6,102.18,1941.42,1418.1,523.32,26.96,False,False,False
O00315,2025-07-01,2025-07,7,Jul,Q3,C072,Customer 72,Kanpur,Retailer,P016,Product 16,Plumbing,Imran,Paid,1,925.09,1236.86,5,1-5%,1236.86,61.84,1175.02,925.09,249.93,21.27,False,False,False
O00316,2025-06-16,2025-06,6,Jun,Q2,C050,Customer 50,Noida,Retailer,P025,Product 25,Hardware,Sana,Overdue,18,1547.56,2055.59,10,6-10%,37000.62,3700.06,33300.56,27856.08,5444.48,16.35,False,False,False
O00317,2025-04-01,2025-04,4,Apr,Q2,C062,Customer 62,Jaipur,Wholesaler,P019,Product 19,Paint,Rahul,Paid,16,2226.75,2764.17,2,1-5%,44226.72,884.53,43342.19,35628.0,7714.19,17.8,False,False,False
O00318,2025-07-21,2025-07,7,Jul,Q3,C062,Customer 62,Jaipur,Wholesaler,P014,Product 14,Paint,Amit,Overdue,9,1612.11,2151.17,8,6-10%,19360.53,1548.84,17811.69,14508.99,3302.7,18.54,False,False,False
O00319,2025-12-12,2025-12,12,Dec,Q4,C007,Customer 7,Delhi,Retailer,P019,Product 19,Paint,Imran,Paid,19,2226.75,2764.17,2,1-5%,52519.23,1050.38,51468.85,42308.25,9160.6,17.8,False,False,False
O00320,2025-01-19,2025-01,1,Jan,Q1,C075,Customer 75,Delhi,Wholesaler,P003,Product 3,Plumbing,Neha,Paid,5,2317.76,3103.38,8,6-10%,15516.9,1241.35,14275.55,11588.8,2686.75,18.82,False,False,False
O00321,2025-02-08,2025-02,2,Feb,Q1,C080,Customer 80,Varanasi,Wholesaler,P010,Product 10,Hardware,Imran,Pending,2,665.28,901.47,8,6-10%,1802.94,144.24,1658.7,1330.56,328.14,19.78,False,False,False
O00322,2025-05-06,2025-05,5,May,Q2,C004,Customer 4,Jaipur,Corporate,P019,Product 19,Paint,Sana,Paid,15,2226.75,2764.17,2,1-5%,41462.55,829.25,40633.3,33401.25,7232.05,17.8,False,False,False
O00323,2025-06-22,2025-06,6,Jun,Q2,C006,Customer 6,Patna,Wholesaler,P009,Product 9,Safety,Imran,Pending,7,1361.75,1625.94,0,0%,11381.58,0.0,11381.58,9532.25,1849.33,16.25,False,False,False
O00324,2025-05-21,2025-05,5,May,Q2,C058,Customer 58,Lucknow,Retailer,P020,Product 20,Paint,Neha,Overdue,4,1967.3,2375.55,0,0%,9502.2,0.0,9502.2,7869.2,1633.0,17.19,False,False,False
O00325,2025-08-30,2025-08,8,Aug,Q3,C022,Customer 22,Delhi,Retailer,P013,Product 13,Hardware,Amit,Paid,1,2259.01,3086.58,8,6-10%,3086.58,246.93,2839.65,2259.01,580.64,20.45,False,False,False
O00326,2025-08-08,2025-08,8,Aug,Q3,C026,Customer 26,Noida,Wholesaler,P007,Product 7,Paint,Rahul,Paid,13,2057.68,2774.42,10,6-10%,36067.46,3606.75,32460.71,26749.84,5710.87,17.59,False,False,False
O00327,2025-05-06,2025-05,5,May,Q2,C003,Customer 3,Delhi,Retailer,P014,Product 14,Paint,Sana,Pending,20,1612.11,2151.17,0,0%,43023.4,0.0,43023.4,32242.2,10781.2,25.06,False,False,False
O00328,2025-02-27,2025-02,2,Feb,Q1,C041,Customer 41,Prayagraj,Corporate,P009,Product 9,Safety,Neha,Paid,7,1361.75,1625.94,8,6-10%,11381.58,910.53,10471.05,9532.25,938.8,8.97,False,False,False
O00329,2025-05-28,2025-05,5,May,Q2,C060,Customer 60,Delhi,Retailer,P023,Product 23,Plumbing,Sana,Paid,15,471.14,588.79,5,1-5%,8831.85,441.59,8390.26,7067.1,1323.16,15.77,False,False,False
O00330,2025-11-13,2025-11,11,Nov,Q4,C014,Customer 14,Prayagraj,Corporate,P025,Product 25,Hardware,Imran,Paid,14,1547.56,2055.59,5,1-5%,28778.26,1438.91,27339.35,21665.84,5673.51,20.75,False,False,False
O00331,2025-12-27,2025-12,12,Dec,Q4,C075,Customer 75,Delhi,Wholesaler,P019,Product 19,Paint,Sana,Paid,19,2226.75,2764.17,15,>10%,52519.23,7877.88,44641.35,42308.25,2333.1,5.23,False,False,False
O00332,2025-01-01,2025-01,1,Jan,Q1,C012,Customer 12,Jaipur,Wholesaler,P015,Product 15,Hardware,Neha,Pending,20,900.45,1260.85,5,1-5%,25217.0,1260.85,23956.15,18009.0,5947.15,24.83,False,False,False
O00333,2025-12-14,2025-12,12,Dec,Q4,C012,Customer 12,Jaipur,Wholesaler,P020,Product 20,Paint,Rahul,Paid,18,1967.3,2375.55,5,1-5%,42759.9,2138.0,40621.9,35411.4,5210.5,12.83,False,False,False
O00334,2025-07-09,2025-07,7,Jul,Q3,C013,Customer 13,Prayagraj,Corporate,P014,Product 14,Paint,Rahul,Paid,10,1612.11,2151.17,0,0%,21511.7,0.0,21511.7,16121.1,5390.6,25.06,False,False,False
O00335,2025-07-10,2025-07,7,Jul,Q3,C025,Customer 25,Varanasi,Retailer,P024,Product 24,Electrical,Sana,Paid,9,2254.5,3188.71,0,0%,28698.39,0.0,28698.39,20290.5,8407.89,29.3,False,False,False
O00336,2025-11-08,2025-11,11,Nov,Q4,C045,Customer 45,Varanasi,Retailer,P006,Product 6,Electrical,Amit,Paid,8,1677.16,2182.12,5,1-5%,17456.96,872.85,16584.11,13417.28,3166.83,19.1,False,False,False
O00337,2025-04-27,2025-04,4,Apr,Q2,C019,Customer 19,Patna,Retailer,P021,Product 21,Electrical,Sana,Paid,10,1633.72,1961.31,0,0%,19613.1,0.0,19613.1,16337.2,3275.9,16.7,False,False,False
O00338,2025-05-14,2025-05,5,May,Q2,C055,Customer 55,Jaipur,Wholesaler,P004,Product 4,Hardware,Imran,Pending,17,2203.16,2471.22,8,6-10%,42010.74,3360.86,38649.88,37453.72,1196.16,3.09,False,False,False
O00339,2025-02-27,2025-02,2,Feb,Q1,C045,Customer 45,Varanasi,Retailer,P008,Product 8,Hardware,Rahul,Paid,2,1423.59,1900.7,5,1-5%,3801.4,190.07,3611.33,2847.18,764.15,21.16,False,False,False
O00340,2025-02-13,2025-02,2,Feb,Q1,C008,Customer 8,Delhi,Wholesaler,P017,Product 17,Hardware,Rahul,Pending,6,1836.81,2401.71,5,1-5%,14410.26,720.51,13689.75,11020.86,2668.89,19.5,False,False,False
O00341,2025-06-22,2025-06,6,Jun,Q2,C053,Customer 53,Prayagraj,Wholesaler,P009,Product 9,Safety,Rahul,Pending,5,1361.75,1625.94,2,1-5%,8129.7,162.59,7967.11,6808.75,1158.36,14.54,False,False,False
O00342,2025-06-09,2025-06,6,Jun,Q2,C055,Customer 55,Jaipur,Wholesaler,P001,Product 1,Safety,Amit,Paid,9,905.38,1016.77,5,1-5%,9150.93,457.55,8693.38,8148.42,544.96,6.27,False,False,False
O00343,2025-06-22,2025-06,6,Jun,Q2,C032,Customer 32,Lucknow,Retailer,P024,Product 24,Electrical,Amit,Paid,5,2254.5,3188.71,8,6-10%,15943.55,1275.48,14668.07,11272.5,3395.57,23.15,False,False,False
O00344,2025-11-13,2025-11,11,Nov,Q4,C051,Customer 51,Jaipur,Retailer,P020,Product 20,Paint,Neha,Paid,18,1967.3,2375.55,15,>10%,42759.9,6413.98,36345.92,35411.4,934.51,2.57,False,False,False
O00345,2025-10-30,2025-10,10,Oct,Q4,C044,Customer 44,Patna,Retailer,P025,Product 25,Hardware,Sana,Paid,20,1547.56,2055.59,0,0%,41111.8,0.0,41111.8,30951.2,10160.6,24.71,False,False,False
O00346,2025-05-29,2025-05,5,May,Q2,C070,Customer 70,Noida,Retailer,P014,Product 14,Paint,Sana,Pending,9,1612.11,2151.17,10,6-10%,19360.53,1936.05,17424.48,14508.99,2915.49,16.73,False,False,False
O00347,2025-03-21,2025-03,3,Mar,Q1,C018,Customer 18,Patna,Retailer,P011,Product 11,Paint,Imran,Pending,17,305.31,365.85,8,6-10%,6219.45,497.56,5721.89,5190.27,531.62,9.29,False,False,False
O00348,2025-08-01,2025-08,8,Aug,Q3,C022,Customer 22,Delhi,Retailer,P021,Product 21,Electrical,Rahul,Paid,17,1633.72,1961.31,8,6-10%,33342.27,2667.38,30674.89,27773.24,2901.65,9.46,False,False,False
O00349,2025-07-22,2025-07,7,Jul,Q3,C037,Customer 37,Varanasi,Wholesaler,P003,Product 3,Plumbing,Amit,Paid,12,2317.76,3103.38,5,1-5%,37240.56,1862.03,35378.53,27813.12,7565.41,21.38,False,False,False
O00350,2025-09-09,2025-09,9,Sep,Q3,C056,Customer 56,Varanasi,Retailer,P009,Product 9,Safety,Imran,Overdue,7,1361.75,1625.94,0,0%,11381.58,0.0,11381.58,9532.25,1849.33,16.25,False,False,False
O00351,2025-08-17,2025-08,8,Aug,Q3,C059,Customer 59,Prayagraj,Retailer,P014,Product 14,Paint,Imran,Overdue,3,1612.11,2151.17,0,0%,6453.51,0.0,6453.51,4836.33,1617.18,25.06,False,False,False
O00352,2025-06-13,2025-06,6,Jun,Q2,C003,Customer 3,Delhi,Retailer,P009,Product 9,Safety,Amit,Paid,10,1361.75,1625.94,8,6-10%,16259.4,1300.75,14958.65,13617.5,1341.15,8.97,False,False,False
O00353,2025-08-15,2025-08,8,Aug,Q3,C028,Customer 28,Kanpur,Corporate,P004,Product 4,Hardware,Sana,Paid,2,2203.16,2471.22,5,1-5%,4942.44,247.12,4695.32,4406.32,289.0,6.16,False,False,False
O00354,2025-05-27,2025-05,5,May,Q2,C074,Customer 74,Kanpur,Corporate,P004,Product 4,Hardware,Rahul,Paid,3,2203.16,2471.22,15,>10%,7413.66,1112.05,6301.61,6609.48,-307.87,-4.89,True,False,False
O00355,2025-01-20,2025-01,1,Jan,Q1,C035,Customer 35,Noida,Wholesaler,P008,Product 8,Hardware,Sana,Overdue,16,1423.59,1900.7,5,1-5%,30411.2,1520.56,28890.64,22777.44,6113.2,21.16,False,False,False
O00356,2025-02-16,2025-02,2,Feb,Q1,C061,Customer 61,Prayagraj,Retailer,P002,Product 2,Paint,Imran,Paid,2,354.61,409.04,0,0%,818.08,0.0,818.08,709.22,108.86,13.31,False,False,False
O00357,2025-08-21,2025-08,8,Aug,Q3,C054,Customer 54,Varanasi,Wholesaler,P009,Product 9,Safety,Rahul,Paid,10,1361.75,1625.94,8,6-10%,16259.4,1300.75,14958.65,13617.5,1341.15,8.97,False,False,False
O00358,2025-11-01,2025-11,11,Nov,Q4,C063,Customer 63,Delhi,Retailer,P014,Product 14,Paint,Neha,Paid,6,1612.11,2151.17,5,1-5%,12907.02,645.35,12261.67,9672.66,2589.01,21.11,False,False,False
O00359,2025-01-14,2025-01,1,Jan,Q1,C079,Customer 79,Jaipur,Corporate,P022,Product 22,Electrical,Imran,Paid,11,283.62,408.72,5,1-5%,4495.92,224.8,4271.12,3119.82,1151.3,26.96,False,False,False
O00360,2025-05-23,2025-05,5,May,Q2,C007,Customer 7,Delhi,Retailer,P009,Product 9,Safety,Sana,Paid,7,1361.75,1625.94,8,6-10%,11381.58,910.53,10471.05,9532.25,938.8,8.97,False,False,False
O00361,2025-01-01,2025-01,1,Jan,Q1,C076,Customer 76,Kanpur,Corporate,P024,Product 24,Electrical,Sana,Overdue,15,2254.5,3188.71,15,>10%,47830.65,7174.6,40656.05,33817.5,6838.55,16.82,False,False,False
O00362,2025-02-23,2025-02,2,Feb,Q1,C049,Customer 49,Noida,Corporate,P023,Product 23,Plumbing,Sana,Paid,6,471.14,588.79,10,6-10%,3532.74,353.27,3179.47,2826.84,352.63,11.09,False,False,False
O00363,2025-09-16,2025-09,9,Sep,Q3,C031,Customer 31,Delhi,Wholesaler,P016,Product 16,Plumbing,Amit,Paid,20,925.09,1236.86,8,6-10%,24737.2,1978.98,22758.22,18501.8,4256.42,18.7,False,False,False
O00364,2025-05-24,2025-05,5,May,Q2,C058,Customer 58,Lucknow,Retailer,P017,Product 17,Hardware,Imran,Paid,9,1836.81,2401.71,8,6-10%,21615.39,1729.23,19886.16,16531.29,3354.87,16.87,False,False,False
O00365,2025-01-12,2025-01,1,Jan,Q1,C061,Customer 61,Prayagraj,Retailer,P016,Product 16,Plumbing,Rahul,Paid,20,925.09,1236.86,15,>10%,24737.2,3710.58,21026.62,18501.8,2524.82,12.01,False,False,False
O00366,2025-11-26,2025-11,11,Nov,Q4,C024,Customer 24,Patna,Retailer,P012,Product 12,Paint,Sana,Paid,12,2251.26,2763.16,5,1-5%,33157.92,1657.9,31500.02,27015.12,4484.9,14.24,False,False,False
O00367,2025-08-12,2025-08,8,Aug,Q3,C020,Customer 20,Prayagraj,Retailer,P003,Product 3,Plumbing,Sana,Paid,19,2317.76,3103.38,0,0%,58964.22,0.0,58964.22,44037.44,14926.78,25.31,False,False,False
O00368,2025-09-29,2025-09,9,Sep,Q3,C037,Customer 37,Varanasi,Wholesaler,P011,Product 11,Paint,Amit,Paid,20,305.31,365.85,5,1-5%,7317.0,365.85,6951.15,6106.2,844.95,12.16,False,False,False
O00369,2025-12-24,2025-12,12,Dec,Q4,C004,Customer 4,Jaipur,Corporate,P014,Product 14,Paint,Rahul,Paid,3,1612.11,2151.17,2,1-5%,6453.51,129.07,6324.44,4836.33,1488.11,23.53,False,False,False
O00370,2025-06-05,2025-06,6,Jun,Q2,C020,Customer 20,Prayagraj,Retailer,P018,Product 18,Hardware,Imran,Paid,15,2251.01,2590.72,8,6-10%,38860.8,3108.86,35751.94,33765.15,1986.79,5.56,False,False,False
O00371,2025-01-08,2025-01,1,Jan,Q1,C060,Customer 60,Delhi,Retailer,P021,Product 21,Electrical,Neha,Paid,2,1633.72,1961.31,8,6-10%,3922.62,313.81,3608.81,3267.44,341.37,9.46,False,False,False
O00372,2025-05-02,2025-05,5,May,Q2,C024,Customer 24,Patna,Retailer,P021,Product 21,Electrical,Amit,Overdue,2,1633.72,1961.31,8,6-10%,3922.62,313.81,3608.81,3267.44,341.37,9.46,False,False,False
O00373,2025-12-14,2025-12,12,Dec,Q4,C050,Customer 50,Noida,Retailer,P005,Product 5,Electrical,Imran,Overdue,3,704.22,826.1,0,0%,2478.3,0.0,2478.3,2112.66,365.64,14.75,False,False,False
O00374,2025-06-13,2025-06,6,Jun,Q2,C049,Customer 49,Noida,Corporate,P016,Product 16,Plumbing,Neha,Paid,6,925.09,1236.86,8,6-10%,7421.16,593.69,6827.47,5550.54,1276.93,18.7,False,False,False
O00375,2025-03-31,2025-03,3,Mar,Q1,C051,Customer 51,Jaipur,Retailer,P020,Product 20,Paint,Sana,Paid,15,1967.3,2375.55,5,1-5%,35633.25,1781.66,33851.59,29509.5,4342.09,12.83,False,False,False
O00376,2025-05-16,2025-05,5,May,Q2,C036,Customer 36,Delhi,Wholesaler,P005,Product 5,Electrical,Sana,Overdue,10,704.22,826.1,8,6-10%,8261.0,660.88,7600.12,7042.2,557.92,7.34,False,False,False
O00377,2025-07-05,2025-07,7,Jul,Q3,C066,Customer 66,Kanpur,Retailer,P003,Product 3,Plumbing,Rahul,Paid,9,2317.76,3103.38,8,6-10%,27930.42,2234.43,25695.99,20859.84,4836.15,18.82,False,False,False
O00378,2025-11-12,2025-11,11,Nov,Q4,C079,Customer 79,Jaipur,Corporate,P012,Product 12,Paint,Neha,Pending,1,2251.26,2763.16,5,1-5%,2763.16,138.16,2625.0,2251.26,373.74,14.24,False,False,False
O00379,2025-06-27,2025-06,6,Jun,Q2,C034,Customer 34,Kanpur,Corporate,P001,Product 1,Safety,Sana,Overdue,16,905.38,1016.77,0,0%,16268.32,0.0,16268.32,14486.08,1782.24,10.96,False,False,False
O00380,2025-01-28,2025-01,1,Jan,Q1,C036,Customer 36,Delhi,Wholesaler,P021,Product 21,Electrical,Sana,Paid,6,1633.72,1961.31,0,0%,11767.86,0.0,11767.86,9802.32,1965.54,16.7,False,False,False
O00381,2025-08-08,2025-08,8,Aug,Q3,C006,Customer 6,Patna,Wholesaler,P009,Product 9,Safety,Rahul,Paid,9,1361.75,1625.94,10,6-10%,14633.46,1463.35,13170.11,12255.75,914.36,6.94,False,False,False
O00382,2025-12-23,2025-12,12,Dec,Q4,C039,Customer 39,Lucknow,Retailer,P009,Product 9,Safety,Imran,Overdue,4,1361.75,1625.94,15,>10%,6503.76,975.56,5528.2,5447.0,81.2,1.47,False,False,False
O00383,2025-02-10,2025-02,2,Feb,Q1,C042,Customer 42,Jaipur,Wholesaler,P004,Product 4,Hardware,Sana,Paid,2,2203.16,2471.22,8,6-10%,4942.44,395.4,4547.04,4406.32,140.72,3.09,False,False,False
O00384,2025-08-16,2025-08,8,Aug,Q3,C058,Customer 58,Lucknow,Retailer,P003,Product 3,Plumbing,Amit,Paid,4,2317.76,3103.38,0,0%,12413.52,0.0,12413.52,9271.04,3142.48,25.31,False,False,False
O00385,2025-07-11,2025-07,7,Jul,Q3,C012,Customer 12,Jaipur,Wholesaler,P017,Product 17,Hardware,Amit,Paid,1,1836.81,2401.71,5,1-5%,2401.71,120.09,2281.62,1836.81,444.81,19.5,False,False,False
O00386,2025-05-25,2025-05,5,May,Q2,C003,Customer 3,Delhi,Retailer,P002,Product 2,Paint,Imran,Paid,19,354.61,409.04,8,6-10%,7771.76,621.74,7150.02,6737.59,412.43,5.77,False,False,False
O00387,2025-07-20,2025-07,7,Jul,Q3,C018,Customer 18,Patna,Retailer,P024,Product 24,Electrical,Neha,Pending,10,2254.5,3188.71,10,6-10%,31887.1,3188.71,28698.39,22545.0,6153.39,21.44,False,False,False
O00388,2025-07-31,2025-07,7,Jul,Q3,C040,Customer 40,Prayagraj,Retailer,P001,Product 1,Safety,Rahul,Pending,15,905.38,1016.77,0,0%,15251.55,0.0,15251.55,13580.7,1670.85,10.96,False,False,False
O00389,2025-08-08,2025-08,8,Aug,Q3,C021,Customer 21,Noida,Retailer,P008,Product 8,Hardware,Amit,Overdue,19,1423.59,1900.7,0,0%,36113.3,0.0,36113.3,27048.21,9065.09,25.1,False,False,False
O00390,2025-08-28,2025-08,8,Aug,Q3,C015,Customer 15,Patna,Wholesaler,P013,Product 13,Hardware,Amit,Paid,16,2259.01,3086.58,8,6-10%,49385.28,3950.82,45434.46,36144.16,9290.3,20.45,False,False,False
O00391,2025-02-15,2025-02,2,Feb,Q1,C026,Customer 26,Noida,Wholesaler,P023,Product 23,Plumbing,Imran,Paid,4,471.14,588.79,5,1-5%,2355.16,117.76,2237.4,1884.56,352.84,15.77,False,False,False
O00392,2025-02-04,2025-02,2,Feb,Q1,C008,Customer 8,Delhi,Wholesaler,P015,Product 15,Hardware,Neha,Paid,2,900.45,1260.85,5,1-5%,2521.7,126.08,2395.61,1800.9,594.71,24.83,False,False,False
O00393,2025-09-10,2025-09,9,Sep,Q3,C042,Customer 42,Jaipur,Wholesaler,P008,Product 8,Hardware,Neha,Paid,13,1423.59,1900.7,0,0%,24709.1,0.0,24709.1,18506.67,6202.43,25.1,False,False,False
O00394,2025-03-23,2025-03,3,Mar,Q1,C044,Customer 44,Patna,Retailer,P012,Product 12,Paint,Imran,Paid,1,2251.26,2763.16,5,1-5%,2763.16,138.16,2625.0,2251.26,373.74,14.24,False,False,False
O00395,2025-09-13,2025-09,9,Sep,Q3,C014,Customer 14,Prayagraj,Corporate,P022,Product 22,Electrical,Amit,Overdue,17,283.62,408.72,10,6-10%,6948.24,694.82,6253.42,4821.54,1431.88,22.9,False,False,False
O00396,2025-07-16,2025-07,7,Jul,Q3,C078,Customer 78,Varanasi,Retailer,P012,Product 12,Paint,Rahul,Pending,13,2251.26,2763.16,15,>10%,35921.08,5388.16,30532.92,29266.38,1266.54,4.15,False,False,False
O00397,2025-10-30,2025-10,10,Oct,Q4,C002,Customer 2,Varanasi,Retailer,P014,Product 14,Paint,Amit,Paid,4,1612.11,2151.17,8,6-10%,8604.68,688.37,7916.31,6448.44,1467.87,18.54,False,False,False
O00398,2025-01-10,2025-01,1,Jan,Q1,C037,Customer 37,Varanasi,Wholesaler,P015,Product 15,Hardware,Neha,Paid,7,900.45,1260.85,5,1-5%,8825.95,441.3,8384.65,6303.15,2081.5,24.83,False,False,False
O00399,2025-11-08,2025-11,11,Nov,Q4,C069,Customer 69,Varanasi,Retailer,P015,Product 15,Hardware,Amit,Paid,17,900.45,1260.85,0,0%,21434.45,0.0,21434.45,15307.65,6126.8,28.58,False,False,False
O00400,2025-10-13,2025-10,10,Oct,Q4,C038,Customer 38,Lucknow,Retailer,P009,Product 9,Safety,Rahul,Paid,9,1361.75,1625.94,5,1-5%,14633.46,731.67,13901.79,12255.75,1646.04,11.84,False,False,False
O00401,2025-08-30,2025-08,8,Aug,Q3,C041,Customer 41,Prayagraj,Corporate,P019,Product 19,Paint,Sana,Pending,4,2226.75,2764.17,5,1-5%,11056.68,552.83,10503.85,8907.0,1596.85,15.2,False,False,False
O00402,2025-09-08,2025-09,9,Sep,Q3,C062,Customer 62,Jaipur,Wholesaler,P020,Product 20,Paint,Amit,Paid,19,1967.3,2375.55,8,6-10%,45135.45,3610.84,41524.61,37378.7,4145.91,9.98,False,False,False
O00403,2025-12-31,2025-12,12,Dec,Q4,C060,Customer 60,Delhi,Retailer,P022,Product 22,Electrical,Imran,Overdue,1,283.62,408.72,5,1-5%,408.72,20.44,388.28,283.62,104.66,26.96,False,False,False
O00404,2025-01-05,2025-01,1,Jan,Q1,C014,Customer 14,Prayagraj,Corporate,P008,Product 8,Hardware,Sana,Paid,10,1423.59,1900.7,2,1-5%,19007.0,380.14,18626.86,14235.9,4390.96,23.57,False,False,False
O00405,2025-04-29,2025-04,4,Apr,Q2,C002,Customer 2,Varanasi,Retailer,P021,Product 21,Electrical,Imran,Paid,4,1633.72,1961.31,0,0%,7845.24,0.0,7845.24,6534.88,1310.36,16.7,False,False,False
O00406,2025-10-16,2025-10,10,Oct,Q4,C070,Customer 70,Noida,Retailer,P019,Product 19,Paint,Imran,Pending,9,2226.75,2764.17,5,1-5%,24877.53,1243.88,23633.65,20040.75,3592.9,15.2,False,False,False
O00407,2025-03-06,2025-03,3,Mar,Q1,C017,Customer 17,Varanasi,Retailer,P006,Product 6,Electrical,Imran,Paid,13,1677.16,2182.12,0,0%,28367.56,0.0,28367.56,21803.08,6564.48,23.14,False,False,False
O00408,2025-05-26,2025-05,5,May,Q2,C028,Customer 28,Kanpur,Corporate,P020,Product 20,Paint,Amit,Paid,14,1967.3,2375.55,2,1-5%,33257.7,665.15,32592.55,27542.2,5050.35,15.5,False,False,False
O00409,2025-08-12,2025-08,8,Aug,Q3,C066,Customer 66,Kanpur,Retailer,P025,Product 25,Hardware,Neha,Paid,10,1547.56,2055.59,15,>10%,20555.9,3083.38,17472.52,15475.6,1996.92,11.43,False,False,False
O00410,2025-08-27,2025-08,8,Aug,Q3,C035,Customer 35,Noida,Wholesaler,P019,Product 19,Paint,Sana,Paid,6,2226.75,2764.17,5,1-5%,16585.02,829.25,15755.77,13360.5,2395.27,15.2,False,False,False
O00411,2025-06-26,2025-06,6,Jun,Q2,C005,Customer 5,Prayagraj,Retailer,P004,Product 4,Hardware,Rahul,Pending,16,2203.16,2471.22,5,1-5%,39539.52,1976.98,37562.54,35250.56,2311.98,6.16,False,False,False
O00412,2025-09-24,2025-09,9,Sep,Q3,C065,Customer 65,Jaipur,Corporate,P023,Product 23,Plumbing,Neha,Paid,6,471.14,588.79,10,6-10%,3532.74,353.27,3179.47,2826.84,352.63,11.09,False,False,False
O00413,2025-12-07,2025-12,12,Dec,Q4,C040,Customer 40,Prayagraj,Retailer,P007,Product 7,Paint,Amit,Pending,17,2057.68,2774.42,15,>10%,47165.14,7074.77,40090.37,34980.56,5109.81,12.75,False,False,False
O00414,2025-10-09,2025-10,10,Oct,Q4,C076,Customer 76,Kanpur,Corporate,P004,Product 4,Hardware,Imran,Paid,10,2203.16,2471.22,8,6-10%,24712.2,1976.98,22735.22,22031.6,703.62,3.09,False,False,False
O00415,2025-03-04,2025-03,3,Mar,Q1,C056,Customer 56,Varanasi,Retailer,P022,Product 22,Electrical,Rahul,Paid,18,283.62,408.72,10,6-10%,7356.96,735.7,6621.26,5105.16,1516.1,22.9,False,False,False
O00416,2025-08-05,2025-08,8,Aug,Q3,C036,Customer 36,Delhi,Wholesaler,P012,Product 12,Paint,Sana,Pending,18,2251.26,2763.16,5,1-5%,49736.88,2486.84,47250.04,40522.68,6727.36,14.24,False,False,False
O00417,2025-12-08,2025-12,12,Dec,Q4,C045,Customer 45,Varanasi,Retailer,P013,Product 13,Hardware,Neha,Paid,3,2259.01,3086.58,5,1-5%,9259.74,462.99,8796.75,6777.03,2019.72,22.96,False,False,False
O00418,2025-11-11,2025-11,11,Nov,Q4,C023,Customer 23,Kanpur,Corporate,P003,Product 3,Plumbing,Neha,Paid,20,2317.76,3103.38,5,1-5%,62067.6,3103.38,58964.22,46355.2,12609.02,21.38,False,False,False
O00419,2025-10-10,2025-10,10,Oct,Q4,C047,Customer 47,Patna,Wholesaler,P022,Product 22,Electrical,Rahul,Paid,15,283.62,408.72,8,6-10%,6130.8,490.46,5640.34,4254.3,1386.04,24.57,False,False,False
O00420,2025-06-26,2025-06,6,Jun,Q2,C031,Customer 31,Delhi,Wholesaler,P012,Product 12,Paint,Amit,Paid,15,2251.26,2763.16,8,6-10%,41447.4,3315.79,38131.61,33768.9,4362.71,11.44,False,False,False
O00421,2025-04-08,2025-04,4,Apr,Q2,C011,Customer 11,Prayagraj,Corporate,P002,Product 2,Paint,Sana,Paid,4,354.61,409.04,5,1-5%,1636.16,81.81,1554.35,1418.44,135.91,8.74,False,False,False
O00422,2025-04-15,2025-04,4,Apr,Q2,C010,Customer 10,Kanpur,Retailer,P024,Product 24,Electrical,Rahul,Paid,9,2254.5,3188.71,0,0%,28698.39,0.0,28698.39,20290.5,8407.89,29.3,False,False,False
O00423,2025-04-09,2025-04,4,Apr,Q2,C067,Customer 67,Varanasi,Retailer,P002,Product 2,Paint,Imran,Paid,19,354.61,409.04,8,6-10%,7771.76,621.74,7150.02,6737.59,412.43,5.77,False,False,False
O00424,2025-11-07,2025-11,11,Nov,Q4,C014,Customer 14,Prayagraj,Corporate,P023,Product 23,Plumbing,Sana,Paid,17,471.14,588.79,0,0%,10009.43,0.0,10009.43,8009.38,2000.05,19.98,False,False,False
O00425,2025-01-06,2025-01,1,Jan,Q1,C080,Customer 80,Varanasi,Wholesaler,P009,Product 9,Safety,Neha,Overdue,11,1361.75,1625.94,8,6-10%,17885.34,1430.83,16454.51,14979.25,1475.26,8.97,False,False,False
O00426,2025-07-16,2025-07,7,Jul,Q3,C074,Customer 74,Kanpur,Corporate,P001,Product 1,Safety,Rahul,Paid,9,905.38,1016.77,8,6-10%,9150.93,732.07,8418.86,8148.42,270.44,3.21,False,False,False
O00427,2025-12-17,2025-12,12,Dec,Q4,C010,Customer 10,Kanpur,Retailer,P008,Product 8,Hardware,Neha,Pending,10,1423.59,1900.7,8,6-10%,19007.0,1520.56,17486.44,14235.9,3250.54,18.59,False,False,False
O00428,2025-05-13,2025-05,5,May,Q2,C076,Customer 76,Kanpur,Corporate,P023,Product 23,Plumbing,Neha,Paid,18,471.14,588.79,10,6-10%,10598.22,1059.82,9538.4,8480.52,1057.88,11.09,False,False,False
O00429,2025-12-24,2025-12,12,Dec,Q4,C001,Customer 1,Jaipur,Retailer,P006,Product 6,Electrical,Neha,Paid,20,1677.16,2182.12,10,6-10%,43642.4,4364.24,39278.16,33543.2,5734.96,14.6,False,False,False
O00430,2025-09-16,2025-09,9,Sep,Q3,C005,Customer 5,Prayagraj,Retailer,P006,Product 6,Electrical,Amit,Pending,13,1677.16,2182.12,5,1-5%,28367.56,1418.38,26949.18,21803.08,5146.1,19.1,False,False,False
O00431,2025-01-23,2025-01,1,Jan,Q1,C020,Customer 20,Prayagraj,Retailer,P022,Product 22,Electrical,Neha,Paid,8,283.62,408.72,8,6-10%,3269.76,261.58,3008.18,2268.96,739.22,24.57,False,False,False
O00432,2025-02-22,2025-02,2,Feb,Q1,C008,Customer 8,Delhi,Wholesaler,P025,Product 25,Hardware,Imran,Pending,7,1547.56,2055.59,8,6-10%,14389.13,1151.13,13238.0,10832.92,2405.08,18.17,False,False,False
O00433,2025-06-14,2025-06,6,Jun,Q2,C043,Customer 43,Kanpur,Retailer,P018,Product 18,Hardware,Imran,Paid,17,2251.01,2590.72,2,1-5%,44042.24,880.84,43161.4,38267.17,4894.23,11.34,False,False,False
O00434,2025-07-21,2025-07,7,Jul,Q3,C076,Customer 76,Kanpur,Corporate,P017,Product 17,Hardware,Sana,Paid,15,1836.81,2401.71,0,0%,36025.65,0.0,36025.65,27552.15,8473.5,23.52,False,False,False
O00435,2025-03-24,2025-03,3,Mar,Q1,C001,Customer 1,Jaipur,Retailer,P012,Product 12,Paint,Neha,Paid,20,2251.26,2763.16,5,1-5%,55263.2,2763.16,52500.04,45025.2,7474.84,14.24,False,False,False
O00436,2025-05-25,2025-05,5,May,Q2,C057,Customer 57,Patna,Wholesaler,P006,Product 6,Electrical,Neha,Paid,15,1677.16,2182.12,5,1-5%,32731.8,1636.59,31095.21,25157.4,5937.81,19.1,False,False,False
O00437,2025-03-26,2025-03,3,Mar,Q1,C064,Customer 64,Lucknow,Wholesaler,P008,Product 8,Hardware,Rahul,Pending,1,1423.59,1900.7,8,6-10%,1900.7,152.06,1748.64,1423.59,325.05,18.59,False,False,False
O00438,2025-03-19,2025-03,3,Mar,Q1,C028,Customer 28,Kanpur,Corporate,P019,Product 19,Paint,Amit,Paid,14,2226.75,2764.17,10,6-10%,38698.38,3869.84,34828.54,31174.5,3654.04,10.49,False,False,False
O00439,2025-01-01,2025-01,1,Jan,Q1,C037,Customer 37,Varanasi,Wholesaler,P010,Product 10,Hardware,Sana,Overdue,5,665.28,901.47,2,1-5%,4507.35,90.15,4417.2,3326.4,1090.8,24.69,False,False,False
O00440,2025-02-20,2025-02,2,Feb,Q1,C047,Customer 47,Patna,Wholesaler,P001,Product 1,Safety,Neha,Overdue,11,905.38,1016.77,0,0%,11184.47,0.0,11184.47,9959.18,1225.29,10.96,False,False,False
O00441,2025-06-22,2025-06,6,Jun,Q2,C076,Customer 76,Kanpur,Corporate,P025,Product 25,Hardware,Rahul,Paid,16,1547.56,2055.59,15,>10%,32889.44,4933.42,27956.02,24760.96,3195.06,11.43,False,False,False
O00442,2025-07-24,2025-07,7,Jul,Q3,C037,Customer 37,Varanasi,Wholesaler,P013,Product 13,Hardware,Amit,Paid,2,2259.01,3086.58,0,0%,6173.16,0.0,6173.16,4518.02,1655.14,26.81,False,False,False
O00443,2025-09-17,2025-09,9,Sep,Q3,C049,Customer 49,Noida,Corporate,P017,Product 17,Hardware,Sana,Pending,8,1836.81,2401.71,5,1-5%,19213.68,960.68,18253.0,14694.48,3558.52,19.5,False,False,False
O00444,2025-10-15,2025-10,10,Oct,Q4,C044,Customer 44,Patna,Retailer,P003,Product 3,Plumbing,Sana,Overdue,11,2317.76,3103.38,8,6-10%,34137.18,2730.97,31406.21,25495.36,5910.85,18.82,False,False,False
O00445,2025-02-03,2025-02,2,Feb,Q1,C056,Customer 56,Varanasi,Retailer,P008,Product 8,Hardware,Neha,Paid,18,1423.59,1900.7,5,1-5%,34212.6,1710.63,32501.97,25624.62,6877.35,21.16,False,False,False
O00446,2025-12-14,2025-12,12,Dec,Q4,C028,Customer 28,Kanpur,Corporate,P014,Product 14,Paint,Sana,Paid,3,1612.11,2151.17,0,0%,6453.51,0.0,6453.51,4836.33,1617.18,25.06,False,False,False
O00447,2025-04-05,2025-04,4,Apr,Q2,C079,Customer 79,Jaipur,Corporate,P003,Product 3,Plumbing,Rahul,Paid,1,2317.76,3103.38,0,0%,3103.38,0.0,3103.38,2317.76,785.62,25.31,False,False,False
O00448,2025-03-13,2025-03,3,Mar,Q1,C006,Customer 6,Patna,Wholesaler,P016,Product 16,Plumbing,Sana,Pending,11,925.09,1236.86,0,0%,13605.46,0.0,13605.46,10175.99,3429.47,25.21,False,False,False
O00449,2025-02-08,2025-02,2,Feb,Q1,C061,Customer 61,Prayagraj,Retailer,P013,Product 13,Hardware,Imran,Paid,16,2259.01,3086.58,8,6-10%,49385.28,3950.82,45434.46,36144.16,9290.3,20.45,False,False,False
O00450,2025-06-03,2025-06,6,Jun,Q2,C020,Customer 20,Prayagraj,Retailer,P020,Product 20,Paint,Rahul,Pending,18,1967.3,2375.55,5,1-5%,42759.9,2138.0,40621.9,35411.4,5210.5,12.83,False,False,False
O00451,2025-09-07,2025-09,9,Sep,Q3,C078,Customer 78,Varanasi,Retailer,P024,Product 24,Electrical,Amit,Paid,16,2254.5,3188.71,2,1-5%,51019.36,1020.39,49998.97,36072.0,13926.97,27.85,False,False,False
O00452,2025-06-11,2025-06,6,Jun,Q2,C002,Customer 2,Varanasi,Retailer,P017,Product 17,Hardware,Amit,Paid,10,1836.81,2401.71,8,6-10%,24017.1,1921.37,22095.73,18368.1,3727.63,16.87,False,False,False
O00453,2025-04-28,2025-04,4,Apr,Q2,C073,Customer 73,Lucknow,Corporate,P013,Product 13,Hardware,Neha,Paid,18,2259.01,3086.58,10,6-10%,55558.44,5555.84,50002.6,40662.18,9340.42,18.68,False,False,False
O00454,2025-09-16,2025-09,9,Sep,Q3,C037,Customer 37,Varanasi,Wholesaler,P006,Product 6,Electrical,Neha,Paid,6,1677.16,2182.12,0,0%,13092.72,0.0,13092.72,10062.96,3029.76,23.14,False,False,False
O00455,2025-11-02,2025-11,11,Nov,Q4,C020,Customer 20,Prayagraj,Retailer,P017,Product 17,Hardware,Imran,Paid,19,1836.81,2401.71,5,1-5%,45632.49,2281.62,43350.87,34899.39,8451.48,19.5,False,False,False
O00456,2025-09-25,2025-09,9,Sep,Q3,C026,Customer 26,Noida,Wholesaler,P014,Product 14,Paint,Amit,Paid,4,1612.11,2151.17,8,6-10%,8604.68,688.37,7916.31,6448.44,1467.87,18.54,False,False,False
O00457,2025-02-23,2025-02,2,Feb,Q1,C029,Customer 29,Patna,Retailer,P017,Product 17,Hardware,Amit,Paid,13,1836.81,2401.71,5,1-5%,31222.23,1561.11,29661.12,23878.53,5782.59,19.5,False,False,False
O00458,2025-08-24,2025-08,8,Aug,Q3,C001,Customer 1,Jaipur,Retailer,P008,Product 8,Hardware,Amit,Paid,14,1423.59,1900.7,5,1-5%,26609.8,1330.49,25279.31,19930.26,5349.05,21.16,False,False,False
O00459,2025-08-10,2025-08,8,Aug,Q3,C035,Customer 35,Noida,Wholesaler,P011,Product 11,Paint,Amit,Paid,3,305.31,365.85,8,6-10%,1097.55,87.8,1009.75,915.93,93.82,9.29,False,False,False
O00460,2025-09-08,2025-09,9,Sep,Q3,C070,Customer 70,Noida,Retailer,P020,Product 20,Paint,Sana,Overdue,10,1967.3,2375.55,10,6-10%,23755.5,2375.55,21379.95,19673.0,1706.95,7.98,False,False,False
O00461,2025-11-09,2025-11,11,Nov,Q4,C059,Customer 59,Prayagraj,Retailer,P001,Product 1,Safety,Rahul,Paid,6,905.38,1016.77,10,6-10%,6100.62,610.06,5490.56,5432.28,58.28,1.06,False,False,False
O00462,2025-04-22,2025-04,4,Apr,Q2,C069,Customer 69,Varanasi,Retailer,P007,Product 7,Paint,Rahul,Paid,1,2057.68,2774.42,8,6-10%,2774.42,221.95,2552.47,2057.68,494.79,19.38,False,False,False
O00463,2025-09-12,2025-09,9,Sep,Q3,C033,Customer 33,Varanasi,Retailer,P021,Product 21,Electrical,Imran,Paid,14,1633.72,1961.31,8,6-10%,27458.34,2196.67,25261.67,22872.08,2389.59,9.46,False,False,False
O00464,2025-10-30,2025-10,10,Oct,Q4,C051,Customer 51,Jaipur,Retailer,P021,Product 21,Electrical,Sana,Overdue,8,1633.72,1961.31,5,1-5%,15690.48,784.52,14905.96,13069.76,1836.2,12.32,False,False,False
O00465,2025-07-26,2025-07,7,Jul,Q3,C078,Customer 78,Varanasi,Retailer,P017,Product 17,Hardware,Amit,Paid,19,1836.81,2401.71,8,6-10%,45632.49,3650.6,41981.89,34899.39,7082.5,16.87,False,False,False
O00466,2025-08-17,2025-08,8,Aug,Q3,C012,Customer 12,Jaipur,Wholesaler,P010,Product 10,Hardware,Amit,Pending,14,665.28,901.47,5,1-5%,12620.58,631.03,11989.55,9313.92,2675.63,22.32,False,False,False
O00467,2025-12-07,2025-12,12,Dec,Q4,C020,Customer 20,Prayagraj,Retailer,P011,Product 11,Paint,Neha,Pending,10,305.31,365.85,2,1-5%,3658.5,73.17,3585.33,3053.1,532.23,14.84,False,False,False
O00468,2025-03-07,2025-03,3,Mar,Q1,C053,Customer 53,Prayagraj,Wholesaler,P022,Product 22,Electrical,Neha,Paid,17,283.62,408.72,8,6-10%,6948.24,555.86,6392.38,4821.54,1570.84,24.57,False,False,False
O00469,2025-03-16,2025-03,3,Mar,Q1,C043,Customer 43,Kanpur,Retailer,P009,Product 9,Safety,Imran,Paid,9,1361.75,1625.94,8,6-10%,14633.46,1170.68,13462.78,12255.75,1207.03,8.97,False,False,False
O00470,2025-04-13,2025-04,4,Apr,Q2,C050,Customer 50,Noida,Retailer,P009,Product 9,Safety,Amit,Paid,6,1361.75,1625.94,5,1-5%,9755.64,487.78,9267.86,8170.5,1097.36,11.84,False,False,False
O00471,2025-07-11,2025-07,7,Jul,Q3,C029,Customer 29,Patna,Retailer,P024,Product 24,Electrical,Imran,Paid,11,2254.5,3188.71,15,>10%,35075.81,5261.37,29814.44,24799.5,5014.94,16.82,False,False,False
O00472,2025-09-09,2025-09,9,Sep,Q3,C057,Customer 57,Patna,Wholesaler,P005,Product 5,Electrical,Sana,Paid,7,704.22,826.1,0,0%,5782.7,0.0,5782.7,4929.54,853.16,14.75,False,False,False
O00473,2025-08-14,2025-08,8,Aug,Q3,C039,Customer 39,Lucknow,Retailer,P017,Product 17,Hardware,Rahul,Pending,17,1836.81,2401.71,5,1-5%,40829.07,2041.45,38787.62,31225.77,7561.85,19.5,False,False,False
O00474,2025-10-21,2025-10,10,Oct,Q4,C056,Customer 56,Varanasi,Retailer,P009,Product 9,Safety,Amit,Paid,1,1361.75,1625.94,0,0%,1625.94,0.0,1625.94,1361.75,264.19,16.25,False,False,False
O00475,2025-11-02,2025-11,11,Nov,Q4,C043,Customer 43,Kanpur,Retailer,P017,Product 17,Hardware,Sana,Pending,5,1836.81,2401.71,10,6-10%,12008.55,1200.86,10807.7,9184.05,1623.64,15.02,False,False,False
O00476,2025-04-08,2025-04,4,Apr,Q2,C050,Customer 50,Noida,Retailer,P024,Product 24,Electrical,Amit,Paid,9,2254.5,3188.71,8,6-10%,28698.39,2295.87,26402.52,20290.5,6112.02,23.15,False,False,False
O00477,2025-12-04,2025-12,12,Dec,Q4,C023,Customer 23,Kanpur,Corporate,P021,Product 21,Electrical,Neha,Pending,18,1633.72,1961.31,5,1-5%,35303.58,1765.18,33538.4,29406.96,4131.44,12.32,False,False,False
O00478,2025-10-13,2025-10,10,Oct,Q4,C044,Customer 44,Patna,Retailer,P019,Product 19,Paint,Imran,Paid,2,2226.75,2764.17,8,6-10%,5528.34,442.27,5086.07,4453.5,632.57,12.44,False,False,False
O00479,2025-12-01,2025-12,12,Dec,Q4,C038,Customer 38,Lucknow,Retailer,P007,Product 7,Paint,Neha,Paid,11,2057.68,2774.42,5,1-5%,30518.62,1525.93,28992.69,22634.48,6358.21,21.93,False,False,False
O00480,2025-12-13,2025-12,12,Dec,Q4,C023,Customer 23,Kanpur,Corporate,P023,Product 23,Plumbing,Rahul,Paid,6,471.14,588.79,10,6-10%,3532.74,353.27,3179.47,2826.84,352.63,11.09,False,False,False
O00481,2025-11-04,2025-11,11,Nov,Q4,C045,Customer 45,Varanasi,Retailer,P009,Product 9,Safety,Neha,Overdue,8,1361.75,1625.94,5,1-5%,13007.52,650.38,12357.14,10894.0,1463.14,11.84,False,False,False
O00482,2025-09-06,2025-09,9,Sep,Q3,C052,Customer 52,Noida,Wholesaler,P007,Product 7,Paint,Amit,Paid,4,2057.68,2774.42,5,1-5%,11097.68,554.88,10542.8,8230.72,2312.08,21.93,False,False,False
O00483,2025-06-15,2025-06,6,Jun,Q2,C080,Customer 80,Varanasi,Wholesaler,P013,Product 13,Hardware,Neha,Paid,18,2259.01,3086.58,15,>10%,55558.44,8333.77,47224.67,40662.18,6562.49,13.9,False,False,False
O00484,2025-12-01,2025-12,12,Dec,Q4,C050,Customer 50,Noida,Retailer,P011,Product 11,Paint,Amit,Paid,11,305.31,365.85,5,1-5%,4024.35,201.22,3823.13,3358.41,464.72,12.16,False,False,False
O00485,2025-01-30,2025-01,1,Jan,Q1,C008,Customer 8,Delhi,Wholesaler,P014,Product 14,Paint,Rahul,Paid,5,1612.11,2151.17,0,0%,10755.85,0.0,10755.85,8060.55,2695.3,25.06,False,False,False
O00486,2025-09-04,2025-09,9,Sep,Q3,C001,Customer 1,Jaipur,Retailer,P019,Product 19,Paint,Neha,Paid,15,2226.75,2764.17,8,6-10%,41462.55,3317.0,38145.55,33401.25,4744.3,12.44,False,False,False
O00487,2025-04-16,2025-04,4,Apr,Q2,C008,Customer 8,Delhi,Wholesaler,P011,Product 11,Paint,Imran,Paid,18,305.31,365.85,15,>10%,6585.3,987.8,5597.5,5495.58,101.93,1.82,False,False,False
O00488,2025-02-20,2025-02,2,Feb,Q1,C029,Customer 29,Patna,Retailer,P013,Product 13,Hardware,Imran,Paid,2,2259.01,3086.58,5,1-5%,6173.16,308.66,5864.5,4518.02,1346.48,22.96,False,False,False
O00489,2025-03-22,2025-03,3,Mar,Q1,C005,Customer 5,Prayagraj,Retailer,P014,Product 14,Paint,Imran,Paid,11,1612.11,2151.17,0,0%,23662.87,0.0,23662.87,17733.21,5929.66,25.06,False,False,False
O00490,2025-05-13,2025-05,5,May,Q2,C047,Customer 47,Patna,Wholesaler,P013,Product 13,Hardware,Neha,Paid,13,2259.01,3086.58,5,1-5%,40125.54,2006.28,38119.26,29367.13,8752.13,22.96,False,False,False
O00491,2025-10-12,2025-10,10,Oct,Q4,C034,Customer 34,Kanpur,Corporate,P001,Product 1,Safety,Neha,Paid,4,905.38,1016.77,5,1-5%,4067.08,203.35,3863.73,3621.52,242.21,6.27,False,False,False
O00492,2025-05-18,2025-05,5,May,Q2,C065,Customer 65,Jaipur,Corporate,P008,Product 8,Hardware,Neha,Pending,7,1423.59,1900.7,2,1-5%,13304.9,266.1,13038.8,9965.13,3073.67,23.57,False,False,False
O00493,2025-07-03,2025-07,7,Jul,Q3,C055,Customer 55,Jaipur,Wholesaler,P012,Product 12,Paint,Amit,Paid,11,2251.26,2763.16,8,6-10%,30394.76,2431.58,27963.18,24763.86,3199.32,11.44,False,False,False
O00494,2025-11-26,2025-11,11,Nov,Q4,C043,Customer 43,Kanpur,Retailer,P019,Product 19,Paint,Rahul,Paid,4,2226.75,2764.17,15,>10%,11056.68,1658.5,9398.18,8907.0,491.18,5.23,False,False,False
O00495,2025-09-30,2025-09,9,Sep,Q3,C074,Customer 74,Kanpur,Corporate,P012,Product 12,Paint,Imran,Paid,15,2251.26,2763.16,5,1-5%,41447.4,2072.37,39375.03,33768.9,5606.13,14.24,False,False,False
O00496,2025-12-06,2025-12,12,Dec,Q4,C030,Customer 30,Varanasi,Corporate,P008,Product 8,Hardware,Amit,Overdue,1,1423.59,1900.7,5,1-5%,1900.7,95.04,1805.66,1423.59,382.08,21.16,False,False,False
O00497,2025-03-10,2025-03,3,Mar,Q1,C017,Customer 17,Varanasi,Retailer,P008,Product 8,Hardware,Imran,Overdue,3,1423.59,1900.7,5,1-5%,5702.1,285.1,5417.0,4270.77,1146.23,21.16,False,False,False
O00498,2025-02-03,2025-02,2,Feb,Q1,C026,Customer 26,Noida,Wholesaler,P021,Product 21,Electrical,Amit,Pending,14,1633.72,1961.31,0,0%,27458.34,0.0,27458.34,22872.08,4586.26,16.7,False,False,False
O00499,2025-09-19,2025-09,9,Sep,Q3,C008,Customer 8,Delhi,Wholesaler,P013,Product 13,Hardware,Neha,Paid,6,2259.01,3086.58,10,6-10%,18519.48,1851.95,16667.53,13554.06,3113.47,18.68,False,False,False
O00500,2025-02-22,2025-02,2,Feb,Q1,C047,Customer 47,Patna,Wholesaler,P012,Product 12,Paint,Imran,Paid,18,2251.26,2763.16,5,1-5%,49736.88,2486.84,47250.04,40522.68,6727.36,14.24,False,False,False
O00501,2025-07-24,2025-07,7,Jul,Q3,C076,Customer 76,Kanpur,Corporate,P016,Product 16,Plumbing,Neha,Paid,1,925.09,1236.86,5,1-5%,1236.86,61.84,1175.02,925.09,249.93,21.27,False,False,False
O00502,2025-05-06,2025-05,5,May,Q2,C072,Customer 72,Kanpur,Retailer,P001,Product 1,Safety,Imran,Paid,6,905.38,1016.77,8,6-10%,6100.62,488.05,5612.57,5432.28,180.29,3.21,False,False,False
O00503,2025-08-23,2025-08,8,Aug,Q3,C046,Customer 46,Varanasi,Retailer,P013,Product 13,Hardware,Sana,Paid,6,2259.01,3086.58,5,1-5%,18519.48,925.97,17593.51,13554.06,4039.45,22.96,False,False,False
O00504,2025-02-12,2025-02,2,Feb,Q1,C068,Customer 68,Lucknow,Wholesaler,P007,Product 7,Paint,Amit,Pending,16,2057.68,2774.42,8,6-10%,44390.72,3551.26,40839.46,32922.88,7916.58,19.38,False,False,False
O00505,2025-08-28,2025-08,8,Aug,Q3,C033,Customer 33,Varanasi,Retailer,P005,Product 5,Electrical,Sana,Pending,5,704.22,826.1,0,0%,4130.5,0.0,4130.5,3521.1,609.4,14.75,False,False,False
O00506,2025-04-21,2025-04,4,Apr,Q2,C001,Customer 1,Jaipur,Retailer,P008,Product 8,Hardware,Amit,Pending,17,1423.59,1900.7,10,6-10%,32311.9,3231.19,29080.71,24201.03,4879.68,16.78,False,False,False
O00507,2025-09-06,2025-09,9,Sep,Q3,C019,Customer 19,Patna,Retailer,P025,Product 25,Hardware,Rahul,Paid,10,1547.56,2055.59,15,>10%,20555.9,3083.38,17472.52,15475.6,1996.92,11.43,False,False,False
O00508,2025-05-31,2025-05,5,May,Q2,C031,Customer 31,Delhi,Wholesaler,P014,Product 14,Paint,Imran,Pending,18,1612.11,2151.17,8,6-10%,38721.06,3097.68,35623.38,29017.98,6605.4,18.54,False,False,False
O00509,2025-07-02,2025-07,7,Jul,Q3,C080,Customer 80,Varanasi,Wholesaler,P023,Product 23,Plumbing,Rahul,Paid,7,471.14,588.79,15,>10%,4121.53,618.23,3503.3,3297.98,205.32,5.86,False,False,False
O00510,2025-12-02,2025-12,12,Dec,Q4,C014,Customer 14,Prayagraj,Corporate,P013,Product 13,Hardware,Rahul,Paid,3,2259.01,3086.58,2,1-5%,9259.74,185.19,9074.55,6777.03,2297.52,25.32,False,False,False
O00511,2025-04-05,2025-04,4,Apr,Q2,C053,Customer 53,Prayagraj,Wholesaler,P015,Product 15,Hardware,Amit,Pending,13,900.45,1260.85,5,1-5%,16391.05,819.55,15571.5,11705.85,3865.65,24.83,False,False,False
O00512,2025-01-08,2025-01,1,Jan,Q1,C048,Customer 48,Jaipur,Wholesaler,P023,Product 23,Plumbing,Sana,Paid,15,471.14,588.79,8,6-10%,8831.85,706.55,8125.3,7067.1,1058.2,13.02,False,False,False
O00513,2025-12-26,2025-12,12,Dec,Q4,C069,Customer 69,Varanasi,Retailer,P017,Product 17,Hardware,Neha,Paid,20,1836.81,2401.71,8,6-10%,48034.2,3842.74,44191.46,36736.2,7455.26,16.87,False,False,False
O00514,2025-07-03,2025-07,7,Jul,Q3,C062,Customer 62,Jaipur,Wholesaler,P015,Product 15,Hardware,Amit,Paid,19,900.45,1260.85,5,1-5%,23956.15,1197.81,22758.34,17108.55,5649.79,24.83,False,False,False
O00515,2025-10-08,2025-10,10,Oct,Q4,C066,Customer 66,Kanpur,Retailer,P020,Product 20,Paint,Neha,Pending,3,1967.3,2375.55,5,1-5%,7126.65,356.33,6770.32,5901.9,868.42,12.83,False,False,False
O00516,2025-07-14,2025-07,7,Jul,Q3,C064,Customer 64,Lucknow,Wholesaler,P018,Product 18,Hardware,Rahul,Pending,4,2251.01,2590.72,0,0%,10362.88,0.0,10362.88,9004.04,1358.84,13.11,False,False,False
O00517,2025-12-18,2025-12,12,Dec,Q4,C070,Customer 70,Noida,Retailer,P018,Product 18,Hardware,Neha,Paid,5,2251.01,2590.72,5,1-5%,12953.6,647.68,12305.92,11255.05,1050.87,8.54,False,False,False
O00518,2025-07-14,2025-07,7,Jul,Q3,C063,Customer 63,Delhi,Retailer,P002,Product 2,Paint,Sana,Pending,1,354.61,409.04,2,1-5%,409.04,8.18,400.86,354.61,46.25,11.54,False,False,False
O00519,2025-06-04,2025-06,6,Jun,Q2,C073,Customer 73,Lucknow,Corporate,P004,Product 4,Hardware,Amit,Paid,4,2203.16,2471.22,8,6-10%,9884.88,790.79,9094.09,8812.64,281.45,3.09,False,False,False
O00520,2025-04-03,2025-04,4,Apr,Q2,C033,Customer 33,Varanasi,Retailer,P001,Product 1,Safety,Sana,Paid,12,905.38,1016.77,2,1-5%,12201.24,244.02,11957.22,10864.56,1092.66,9.14,False,False,False
O00521,2025-06-09,2025-06,6,Jun,Q2,C041,Customer 41,Prayagraj,Corporate,P004,Product 4,Hardware,Sana,Pending,10,2203.16,2471.22,0,0%,24712.2,0.0,24712.2,22031.6,2680.6,10.85,False,False,False
O00522,2025-03-02,2025-03,3,Mar,Q1,C048,Customer 48,Jaipur,Wholesaler,P018,Product 18,Hardware,Amit,Pending,20,2251.01,2590.72,8,6-10%,51814.4,4145.15,47669.25,45020.2,2649.05,5.56,False,False,False
O00523,2025-05-02,2025-05,5,May,Q2,C013,Customer 13,Prayagraj,Corporate,P005,Product 5,Electrical,Sana,Overdue,13,704.22,826.1,8,6-10%,10739.3,859.14,9880.16,9154.86,725.3,7.34,False,False,False
O00524,2025-02-20,2025-02,2,Feb,Q1,C073,Customer 73,Lucknow,Corporate,P019,Product 19,Paint,Imran,Paid,14,2226.75,2764.17,10,6-10%,38698.38,3869.84,34828.54,31174.5,3654.04,10.49,False,False,False
O00525,2025-10-04,2025-10,10,Oct,Q4,C077,Customer 77,Varanasi,Corporate,P015,Product 15,Hardware,Imran,Paid,5,900.45,1260.85,8,6-10%,6304.25,504.34,5799.91,4502.25,1297.66,22.37,False,False,False
O00526,2025-01-05,2025-01,1,Jan,Q1,C031,Customer 31,Delhi,Wholesaler,P008,Product 8,Hardware,Imran,Paid,4,1423.59,1900.7,5,1-5%,7602.8,380.14,7222.66,5694.36,1528.3,21.16,False,False,False
O00527,2025-04-02,2025-04,4,Apr,Q2,C075,Customer 75,Delhi,Wholesaler,P020,Product 20,Paint,Neha,Overdue,14,1967.3,2375.55,10,6-10%,33257.7,3325.77,29931.93,27542.2,2389.73,7.98,False,False,False
O00528,2025-06-19,2025-06,6,Jun,Q2,C068,Customer 68,Lucknow,Wholesaler,P017,Product 17,Hardware,Sana,Paid,10,1836.81,2401.71,5,1-5%,24017.1,1200.86,22816.24,18368.1,4448.15,19.5,False,False,False
O00529,2025-11-13,2025-11,11,Nov,Q4,C004,Customer 4,Jaipur,Corporate,P001,Product 1,Safety,Amit,Pending,17,905.38,1016.77,0,0%,17285.09,0.0,17285.09,15391.46,1893.63,10.96,False,False,False
O00530,2025-01-22,2025-01,1,Jan,Q1,C019,Customer 19,Patna,Retailer,P012,Product 12,Paint,Amit,Paid,10,2251.26,2763.16,8,6-10%,27631.6,2210.53,25421.07,22512.6,2908.47,11.44,False,False,False
O00531,2025-11-22,2025-11,11,Nov,Q4,C070,Customer 70,Noida,Retailer,P019,Product 19,Paint,Neha,Paid,7,2226.75,2764.17,15,>10%,19349.19,2902.38,16446.81,15587.25,859.56,5.23,False,False,False
O00532,2025-01-01,2025-01,1,Jan,Q1,C013,Customer 13,Prayagraj,Corporate,P015,Product 15,Hardware,Amit,Paid,16,900.45,1260.85,5,1-5%,20173.6,1008.68,19164.92,14407.2,4757.72,24.83,False,False,False
O00533,2025-05-13,2025-05,5,May,Q2,C023,Customer 23,Kanpur,Corporate,P009,Product 9,Safety,Imran,Paid,1,1361.75,1625.94,5,1-5%,1625.94,81.3,1544.64,1361.75,182.89,11.84,False,False,False
O00534,2025-08-21,2025-08,8,Aug,Q3,C075,Customer 75,Delhi,Wholesaler,P007,Product 7,Paint,Sana,Paid,17,2057.68,2774.42,0,0%,47165.14,0.0,47165.14,34980.56,12184.58,25.83,False,False,False
O00535,2025-01-12,2025-01,1,Jan,Q1,C001,Customer 1,Jaipur,Retailer,P002,Product 2,Paint,Amit,Pending,9,354.61,409.04,2,1-5%,3681.36,73.63,3607.73,3191.49,416.24,11.54,False,False,False
O00536,2025-12-12,2025-12,12,Dec,Q4,C054,Customer 54,Varanasi,Wholesaler,P009,Product 9,Safety,Amit,Paid,6,1361.75,1625.94,5,1-5%,9755.64,487.78,9267.86,8170.5,1097.36,11.84,False,False,False
O00537,2025-02-15,2025-02,2,Feb,Q1,C071,Customer 71,Kanpur,Retailer,P010,Product 10,Hardware,Rahul,Paid,19,665.28,901.47,8,6-10%,17127.93,1370.23,15757.7,12640.32,3117.38,19.78,False,False,False
O00538,2025-02-03,2025-02,2,Feb,Q1,C015,Customer 15,Patna,Wholesaler,P002,Product 2,Paint,Rahul,Paid,13,354.61,409.04,0,0%,5317.52,0.0,5317.52,4609.93,707.59,13.31,False,False,False
O00539,2025-03-19,2025-03,3,Mar,Q1,C065,Customer 65,Jaipur,Corporate,P019,Product 19,Paint,Rahul,Paid,3,2226.75,2764.17,15,>10%,8292.51,1243.88,7048.63,6680.25,368.38,5.23,False,False,False
O00540,2025-08-06,2025-08,8,Aug,Q3,C076,Customer 76,Kanpur,Corporate,P011,Product 11,Paint,Sana,Paid,7,305.31,365.85,10,6-10%,2560.95,256.1,2304.86,2137.17,167.69,7.28,False,False,False
O00541,2025-10-28,2025-10,10,Oct,Q4,C071,Customer 71,Kanpur,Retailer,P013,Product 13,Hardware,Imran,Paid,9,2259.01,3086.58,8,6-10%,27779.22,2222.34,25556.88,20331.09,5225.79,20.45,False,False,False
O00542,2025-03-14,2025-03,3,Mar,Q1,C015,Customer 15,Patna,Wholesaler,P010,Product 10,Hardware,Imran,Paid,5,665.28,901.47,10,6-10%,4507.35,450.74,4056.62,3326.4,730.22,18.0,False,False,False
O00543,2025-10-09,2025-10,10,Oct,Q4,C021,Customer 21,Noida,Retailer,P014,Product 14,Paint,Imran,Paid,10,1612.11,2151.17,0,0%,21511.7,0.0,21511.7,16121.1,5390.6,25.06,False,False,False
O00544,2025-09-06,2025-09,9,Sep,Q3,C019,Customer 19,Patna,Retailer,P018,Product 18,Hardware,Sana,Paid,17,2251.01,2590.72,5,1-5%,44042.24,2202.11,41840.13,38267.17,3572.96,8.54,False,False,False
O00545,2025-02-16,2025-02,2,Feb,Q1,C060,Customer 60,Delhi,Retailer,P019,Product 19,Paint,Sana,Paid,12,2226.75,2764.17,8,6-10%,33170.04,2653.6,30516.44,26721.0,3795.44,12.44,False,False,False
O00546,2025-05-01,2025-05,5,May,Q2,C033,Customer 33,Varanasi,Retailer,P022,Product 22,Electrical,Rahul,Paid,16,283.62,408.72,10,6-10%,6539.52,653.95,5885.57,4537.92,1347.65,22.9,False,False,False
O00547,2025-08-02,2025-08,8,Aug,Q3,C049,Customer 49,Noida,Corporate,P009,Product 9,Safety,Amit,Paid,3,1361.75,1625.94,10,6-10%,4877.82,487.78,4390.04,4085.25,304.79,6.94,False,False,False
O00548,2025-08-27,2025-08,8,Aug,Q3,C035,Customer 35,Noida,Wholesaler,P025,Product 25,Hardware,Neha,Paid,9,1547.56,2055.59,5,1-5%,18500.31,925.02,17575.29,13928.04,3647.25,20.75,False,False,False
O00549,2025-02-25,2025-02,2,Feb,Q1,C044,Customer 44,Patna,Retailer,P007,Product 7,Paint,Neha,Overdue,15,2057.68,2774.42,15,>10%,41616.3,6242.44,35373.86,30865.2,4508.66,12.75,False,False,False
O00550,2025-12-16,2025-12,12,Dec,Q4,C011,Customer 11,Prayagraj,Corporate,P003,Product 3,Plumbing,Amit,Pending,5,2317.76,3103.38,0,0%,15516.9,0.0,15516.9,11588.8,3928.1,25.31,False,False,False
O00551,2025-04-17,2025-04,4,Apr,Q2,C072,Customer 72,Kanpur,Retailer,P020,Product 20,Paint,Rahul,Pending,13,1967.3,2375.55,10,6-10%,30882.15,3088.22,27793.94,25574.9,2219.04,7.98,False,False,False
O00552,2025-11-15,2025-11,11,Nov,Q4,C078,Customer 78,Varanasi,Retailer,P006,Product 6,Electrical,Amit,Paid,14,1677.16,2182.12,15,>10%,30549.68,4582.45,25967.23,23480.24,2486.99,9.58,False,False,False
O00553,2025-02-17,2025-02,2,Feb,Q1,C074,Customer 74,Kanpur,Corporate,P021,Product 21,Electrical,Amit,Pending,20,1633.72,1961.31,2,1-5%,39226.2,784.52,38441.68,32674.4,5767.28,15.0,False,False,False
O00554,2025-03-02,2025-03,3,Mar,Q1,C066,Customer 66,Kanpur,Retailer,P002,Product 2,Paint,Neha,Pending,15,354.61,409.04,8,6-10%,6135.6,490.85,5644.75,5319.15,325.6,5.77,False,False,False
O00555,2025-12-03,2025-12,12,Dec,Q4,C046,Customer 46,Varanasi,Retailer,P006,Product 6,Electrical,Rahul,Pending,16,1677.16,2182.12,0,0%,34913.92,0.0,34913.92,26834.56,8079.36,23.14,False,False,False
O00556,2025-01-26,2025-01,1,Jan,Q1,C009,Customer 9,Jaipur,Wholesaler,P003,Product 3,Plumbing,Sana,Paid,13,2317.76,3103.38,5,1-5%,40343.94,2017.2,38326.74,30130.88,8195.86,21.38,False,False,False
O00557,2025-10-19,2025-10,10,Oct,Q4,C003,Customer 3,Delhi,Retailer,P016,Product 16,Plumbing,Neha,Paid,17,925.09,1236.86,5,1-5%,21026.62,1051.33,19975.29,15726.53,4248.76,21.27,False,False,False
O00558,2025-09-14,2025-09,9,Sep,Q3,C026,Customer 26,Noida,Wholesaler,P008,Product 8,Hardware,Sana,Pending,8,1423.59,1900.7,8,6-10%,15205.6,1216.45,13989.15,11388.72,2600.43,18.59,False,False,False
O00559,2025-01-08,2025-01,1,Jan,Q1,C072,Customer 72,Kanpur,Retailer,P002,Product 2,Paint,Rahul,Paid,2,354.61,409.04,15,>10%,818.08,122.71,695.37,709.22,-13.85,-1.99,True,False,False
O00560,2025-04-23,2025-04,4,Apr,Q2,C048,Customer 48,Jaipur,Wholesaler,P017,Product 17,Hardware,Amit,Paid,5,1836.81,2401.71,8,6-10%,12008.55,960.68,11047.87,9184.05,1863.82,16.87,False,False,False
O00561,2025-12-21,2025-12,12,Dec,Q4,C066,Customer 66,Kanpur,Retailer,P009,Product 9,Safety,Imran,Paid,6,1361.75,1625.94,5,1-5%,9755.64,487.78,9267.86,8170.5,1097.36,11.84,False,False,False
O00562,2025-09-10,2025-09,9,Sep,Q3,C070,Customer 70,Noida,Retailer,P012,Product 12,Paint,Imran,Paid,12,2251.26,2763.16,10,6-10%,33157.92,3315.79,29842.13,27015.12,2827.01,9.47,False,False,False
O00563,2025-06-29,2025-06,6,Jun,Q2,C028,Customer 28,Kanpur,Corporate,P003,Product 3,Plumbing,Rahul,Paid,18,2317.76,3103.38,15,>10%,55860.84,8379.13,47481.71,41719.68,5762.03,12.14,False,False,False
O00564,2025-07-26,2025-07,7,Jul,Q3,C026,Customer 26,Noida,Wholesaler,P011,Product 11,Paint,Imran,Paid,1,305.31,365.85,0,0%,365.85,0.0,365.85,305.31,60.54,16.55,False,False,False
O00565,2025-10-30,2025-10,10,Oct,Q4,C025,Customer 25,Varanasi,Retailer,P001,Product 1,Safety,Sana,Paid,17,905.38,1016.77,15,>10%,17285.09,2592.76,14692.33,15391.46,-699.13,-4.76,True,False,False
O00566,2025-05-07,2025-05,5,May,Q2,C012,Customer 12,Jaipur,Wholesaler,P023,Product 23,Plumbing,Imran,Paid,11,471.14,588.79,0,0%,6476.69,0.0,6476.69,5182.54,1294.15,19.98,False,False,False
O00567,2025-02-25,2025-02,2,Feb,Q1,C005,Customer 5,Prayagraj,Retailer,P013,Product 13,Hardware,Rahul,Paid,10,2259.01,3086.58,10,6-10%,30865.8,3086.58,27779.22,22590.1,5189.12,18.68,False,False,False
O00568,2025-08-02,2025-08,8,Aug,Q3,C048,Customer 48,Jaipur,Wholesaler,P015,Product 15,Hardware,Rahul,Paid,19,900.45,1260.85,5,1-5%,23956.15,1197.81,22758.34,17108.55,5649.79,24.83,False,False,False
O00569,2025-01-14,2025-01,1,Jan,Q1,C037,Customer 37,Varanasi,Wholesaler,P005,Product 5,Electrical,Sana,Paid,14,704.22,826.1,0,0%,11565.4,0.0,11565.4,9859.08,1706.32,14.75,False,False,False
O00570,2025-01-28,2025-01,1,Jan,Q1,C079,Customer 79,Jaipur,Corporate,P021,Product 21,Electrical,Imran,Pending,10,1633.72,1961.31,5,1-5%,19613.1,980.66,18632.44,16337.2,2295.24,12.32,False,False,False
O00571,2025-03-19,2025-03,3,Mar,Q1,C044,Customer 44,Patna,Retailer,P017,Product 17,Hardware,Imran,Pending,15,1836.81,2401.71,8,6-10%,36025.65,2882.05,33143.6,27552.15,5591.45,16.87,False,False,False
O00572,2025-08-04,2025-08,8,Aug,Q3,C015,Customer 15,Patna,Wholesaler,P025,Product 25,Hardware,Amit,Paid,19,1547.56,2055.59,5,1-5%,39056.21,1952.81,37103.4,29403.64,7699.76,20.75,False,False,False
O00573,2025-12-31,2025-12,12,Dec,Q4,C043,Customer 43,Kanpur,Retailer,P023,Product 23,Plumbing,Neha,Paid,4,471.14,588.79,0,0%,2355.16,0.0,2355.16,1884.56,470.6,19.98,False,False,False
O00574,2025-06-03,2025-06,6,Jun,Q2,C048,Customer 48,Jaipur,Wholesaler,P024,Product 24,Electrical,Rahul,Paid,2,2254.5,3188.71,8,6-10%,6377.42,510.19,5867.23,4509.0,1358.23,23.15,False,False,False
O00575,2025-01-14,2025-01,1,Jan,Q1,C070,Customer 70,Noida,Retailer,P025,Product 25,Hardware,Amit,Pending,9,1547.56,2055.59,15,>10%,18500.31,2775.05,15725.26,13928.04,1797.22,11.43,False,False,False
O00576,2025-07-06,2025-07,7,Jul,Q3,C046,Customer 46,Varanasi,Retailer,P006,Product 6,Electrical,Rahul,Paid,10,1677.16,2182.12,5,1-5%,21821.2,1091.06,20730.14,16771.6,3958.54,19.1,False,False,False
O00577,2025-11-08,2025-11,11,Nov,Q4,C043,Customer 43,Kanpur,Retailer,P021,Product 21,Electrical,Amit,Paid,11,1633.72,1961.31,2,1-5%,21574.41,431.49,21142.92,17970.92,3172.0,15.0,False,False,False
O00578,2025-01-07,2025-01,1,Jan,Q1,C021,Customer 21,Noida,Retailer,P022,Product 22,Electrical,Neha,Paid,14,283.62,408.72,5,1-5%,5722.08,286.1,5435.98,3970.68,1465.3,26.96,False,False,False
O00579,2025-01-03,2025-01,1,Jan,Q1,C023,Customer 23,Kanpur,Corporate,P011,Product 11,Paint,Amit,Paid,7,305.31,365.85,0,0%,2560.95,0.0,2560.95,2137.17,423.78,16.55,False,False,False
O00580,2025-04-21,2025-04,4,Apr,Q2,C080,Customer 80,Varanasi,Wholesaler,P018,Product 18,Hardware,Rahul,Pending,15,2251.01,2590.72,10,6-10%,38860.8,3886.08,34974.72,33765.15,1209.57,3.46,False,False,False
O00581,2025-08-26,2025-08,8,Aug,Q3,C047,Customer 47,Patna,Wholesaler,P004,Product 4,Hardware,Imran,Pending,19,2203.16,2471.22,10,6-10%,46953.18,4695.32,42257.86,41860.04,397.82,0.94,False,False,False
O00582,2025-12-29,2025-12,12,Dec,Q4,C015,Customer 15,Patna,Wholesaler,P003,Product 3,Plumbing,Rahul,Paid,15,2317.76,3103.38,8,6-10%,46550.7,3724.06,42826.64,34766.4,8060.24,18.82,False,False,False
O00583,2025-08-27,2025-08,8,Aug,Q3,C025,Customer 25,Varanasi,Retailer,P013,Product 13,Hardware,Sana,Paid,8,2259.01,3086.58,5,1-5%,24692.64,1234.63,23458.01,18072.08,5385.93,22.96,False,False,False
O00584,2025-10-01,2025-10,10,Oct,Q4,C036,Customer 36,Delhi,Wholesaler,P023,Product 23,Plumbing,Sana,Paid,11,471.14,588.79,10,6-10%,6476.69,647.67,5829.02,5182.54,646.48,11.09,False,False,False
O00585,2025-10-21,2025-10,10,Oct,Q4,C075,Customer 75,Delhi,Wholesaler,P009,Product 9,Safety,Sana,Paid,9,1361.75,1625.94,8,6-10%,14633.46,1170.68,13462.78,12255.75,1207.03,8.97,False,False,False
O00586,2025-08-15,2025-08,8,Aug,Q3,C051,Customer 51,Jaipur,Retailer,P021,Product 21,Electrical,Sana,Paid,15,1633.72,1961.31,10,6-10%,29419.65,2941.96,26477.68,24505.8,1971.88,7.45,False,False,False
O00587,2025-01-15,2025-01,1,Jan,Q1,C015,Customer 15,Patna,Wholesaler,P006,Product 6,Electrical,Neha,Paid,1,1677.16,2182.12,8,6-10%,2182.12,174.57,2007.55,1677.16,330.39,16.46,False,False,False
O00588,2025-07-11,2025-07,7,Jul,Q3,C068,Customer 68,Lucknow,Wholesaler,P012,Product 12,Paint,Imran,Paid,1,2251.26,2763.16,10,6-10%,2763.16,276.32,2486.84,2251.26,235.58,9.47,False,False,False
O00589,2025-04-29,2025-04,4,Apr,Q2,C021,Customer 21,Noida,Retailer,P002,Product 2,Paint,Imran,Paid,19,354.61,409.04,8,6-10%,7771.76,621.74,7150.02,6737.59,412.43,5.77,False,False,False
O00590,2025-01-28,2025-01,1,Jan,Q1,C013,Customer 13,Prayagraj,Corporate,P003,Product 3,Plumbing,Rahul,Overdue,3,2317.76,3103.38,5,1-5%,9310.14,465.51,8844.63,6953.28,1891.35,21.38,False,False,False
O00591,2025-07-21,2025-07,7,Jul,Q3,C019,Customer 19,Patna,Retailer,P003,Product 3,Plumbing,Amit,Paid,10,2317.76,3103.38,15,>10%,31033.8,4655.07,26378.73,23177.6,3201.13,12.14,False,False,False
O00592,2025-02-08,2025-02,2,Feb,Q1,C034,Customer 34,Kanpur,Corporate,P012,Product 12,Paint,Rahul,Pending,8,2251.26,2763.16,5,1-5%,22105.28,1105.26,21000.02,18010.08,2989.94,14.24,False,False,False
O00593,2025-09-30,2025-09,9,Sep,Q3,C078,Customer 78,Varanasi,Retailer,P015,Product 15,Hardware,Rahul,Pending,15,900.45,1260.85,8,6-10%,18912.75,1513.02,17399.73,13506.75,3892.98,22.37,False,False,False
O00594,2025-08-19,2025-08,8,Aug,Q3,C068,Customer 68,Lucknow,Wholesaler,P009,Product 9,Safety,Rahul,Paid,10,1361.75,1625.94,2,1-5%,16259.4,325.19,15934.21,13617.5,2316.71,14.54,False,False,False
O00595,2025-03-27,2025-03,3,Mar,Q1,C052,Customer 52,Noida,Wholesaler,P023,Product 23,Plumbing,Rahul,Pending,1,471.14,588.79,8,6-10%,588.79,47.1,541.69,471.14,70.55,13.02,False,False,False
O00596,2025-05-06,2025-05,5,May,Q2,C027,Customer 27,Noida,Retailer,P008,Product 8,Hardware,Imran,Paid,18,1423.59,1900.7,8,6-10%,34212.6,2737.01,31475.59,25624.62,5850.97,18.59,False,False,False
O00597,2025-10-27,2025-10,10,Oct,Q4,C029,Customer 29,Patna,Retailer,P011,Product 11,Paint,Amit,Paid,2,305.31,365.85,2,1-5%,731.7,14.63,717.07,610.62,106.45,14.84,False,False,False
O00598,2025-01-25,2025-01,1,Jan,Q1,C028,Customer 28,Kanpur,Corporate,P016,Product 16,Plumbing,Rahul,Paid,19,925.09,1236.86,0,0%,23500.34,0.0,23500.34,17576.71,5923.63,25.21,False,False,False
O00599,2025-05-25,2025-05,5,May,Q2,C035,Customer 35,Noida,Wholesaler,P025,Product 25,Hardware,Imran,Overdue,13,1547.56,2055.59,8,6-10%,26722.67,2137.81,24584.86,20118.28,4466.58,18.17,False,False,False
O00600,2025-01-13,2025-01,1,Jan,Q1,C008,Customer 8,Delhi,Wholesaler,P022,Product 22,Electrical,Rahul,Paid,1,283.62,408.72,10,6-10%,408.72,40.87,367.85,283.62,84.23,22.9,False,False,False
O00601,2025-07-31,2025-07,7,Jul,Q3,C016,Customer 16,Delhi,Corporate,P004,Product 4,Hardware,Sana,Paid,2,2203.16,2471.22,5,1-5%,4942.44,247.12,4695.32,4406.32,289.0,6.16,False,False,False
O00602,2025-01-25,2025-01,1,Jan,Q1,C036,Customer 36,Delhi,Wholesaler,P001,Product 1,Safety,Rahul,Overdue,16,905.38,1016.77,2,1-5%,16268.32,325.37,15942.95,14486.08,1456.87,9.14,False,False,False
O00603,2025-03-09,2025-03,3,Mar,Q1,C030,Customer 30,Varanasi,Corporate,P024,Product 24,Electrical,Rahul,Paid,15,2254.5,3188.71,8,6-10%,47830.65,3826.45,44004.2,33817.5,10186.7,23.15,False,False,False
O00604,2025-03-08,2025-03,3,Mar,Q1,C018,Customer 18,Patna,Retailer,P007,Product 7,Paint,Neha,Pending,13,2057.68,2774.42,0,0%,36067.46,0.0,36067.46,26749.84,9317.62,25.83,False,False,False
O00605,2025-08-21,2025-08,8,Aug,Q3,C002,Customer 2,Varanasi,Retailer,P002,Product 2,Paint,Sana,Pending,16,354.61,409.04,5,1-5%,6544.64,327.23,6217.41,5673.76,543.65,8.74,False,False,False
O00606,2025-04-19,2025-04,4,Apr,Q2,C049,Customer 49,Noida,Corporate,P024,Product 24,Electrical,Amit,Pending,17,2254.5,3188.71,2,1-5%,54208.07,1084.16,53123.91,38326.5,14797.41,27.85,False,False,False
O00607,2025-05-26,2025-05,5,May,Q2,C077,Customer 77,Varanasi,Corporate,P005,Product 5,Electrical,Rahul,Overdue,7,704.22,826.1,2,1-5%,5782.7,115.65,5667.05,4929.54,737.51,13.01,False,False,False
O00608,2025-04-21,2025-04,4,Apr,Q2,C004,Customer 4,Jaipur,Corporate,P007,Product 7,Paint,Amit,Overdue,17,2057.68,2774.42,2,1-5%,47165.14,943.3,46221.84,34980.56,11241.28,24.32,False,False,False
O00609,2025-08-16,2025-08,8,Aug,Q3,C075,Customer 75,Delhi,Wholesaler,P004,Product 4,Hardware,Sana,Paid,7,2203.16,2471.22,5,1-5%,17298.54,864.93,16433.61,15422.12,1011.49,6.16,False,False,False
O00610,2025-04-21,2025-04,4,Apr,Q2,C007,Customer 7,Delhi,Retailer,P005,Product 5,Electrical,Rahul,Pending,13,704.22,826.1,0,0%,10739.3,0.0,10739.3,9154.86,1584.44,14.75,False,False,False
O00611,2025-02-03,2025-02,2,Feb,Q1,C074,Customer 74,Kanpur,Corporate,P024,Product 24,Electrical,Neha,Paid,5,2254.5,3188.71,5,1-5%,15943.55,797.18,15146.37,11272.5,3873.87,25.58,False,False,False
O00612,2025-04-21,2025-04,4,Apr,Q2,C039,Customer 39,Lucknow,Retailer,P001,Product 1,Safety,Imran,Paid,17,905.38,1016.77,5,1-5%,17285.09,864.25,16420.84,15391.46,1029.38,6.27,False,False,False
O00613,2025-09-21,2025-09,9,Sep,Q3,C013,Customer 13,Prayagraj,Corporate,P001,Product 1,Safety,Neha,Paid,3,905.38,1016.77,5,1-5%,3050.31,152.52,2897.79,2716.14,181.65,6.27,False,False,False
O00614,2025-08-24,2025-08,8,Aug,Q3,C031,Customer 31,Delhi,Wholesaler,P015,Product 15,Hardware,Neha,Paid,7,900.45,1260.85,5,1-5%,8825.95,441.3,8384.65,6303.15,2081.5,24.83,False,False,False
O00615,2025-03-24,2025-03,3,Mar,Q1,C071,Customer 71,Kanpur,Retailer,P020,Product 20,Paint,Imran,Overdue,17,1967.3,2375.55,10,6-10%,40384.35,4038.44,36345.92,33444.1,2901.82,7.98,False,False,False
O00616,2025-02-11,2025-02,2,Feb,Q1,C063,Customer 63,Delhi,Retailer,P019,Product 19,Paint,Imran,Overdue,7,2226.75,2764.17,0,0%,19349.19,0.0,19349.19,15587.25,3761.94,19.44,False,False,False
O00617,2025-04-11,2025-04,4,Apr,Q2,C056,Customer 56,Varanasi,Retailer,P010,Product 10,Hardware,Imran,Paid,1,665.28,901.47,5,1-5%,901.47,45.07,856.4,665.28,191.12,22.32,False,False,False
O00618,2025-01-06,2025-01,1,Jan,Q1,C042,Customer 42,Jaipur,Wholesaler,P018,Product 18,Hardware,Rahul,Paid,17,2251.01,2590.72,0,0%,44042.24,0.0,44042.24,38267.17,5775.07,13.11,False,False,False
O00619,2025-06-29,2025-06,6,Jun,Q2,C061,Customer 61,Prayagraj,Retailer,P003,Product 3,Plumbing,Amit,Paid,17,2317.76,3103.38,0,0%,52757.46,0.0,52757.46,39401.92,13355.54,25.31,False,False,False
O00620,2025-10-09,2025-10,10,Oct,Q4,C042,Customer 42,Jaipur,Wholesaler,P011,Product 11,Paint,Amit,Pending,11,305.31,365.85,8,6-10%,4024.35,321.95,3702.4,3358.41,343.99,9.29,False,False,False
O00621,2025-11-16,2025-11,11,Nov,Q4,C056,Customer 56,Varanasi,Retailer,P015,Product 15,Hardware,Imran,Pending,3,900.45,1260.85,8,6-10%,3782.55,302.6,3479.95,2701.35,778.6,22.37,False,False,False
O00622,2025-08-14,2025-08,8,Aug,Q3,C036,Customer 36,Delhi,Wholesaler,P011,Product 11,Paint,Neha,Paid,15,305.31,365.85,10,6-10%,5487.75,548.78,4938.98,4579.65,359.33,7.28,False,False,False
O00623,2025-11-11,2025-11,11,Nov,Q4,C068,Customer 68,Lucknow,Wholesaler,P017,Product 17,Hardware,Sana,Paid,11,1836.81,2401.71,8,6-10%,26418.81,2113.5,24305.31,20204.91,4100.4,16.87,False,False,False
O00624,2025-12-31,2025-12,12,Dec,Q4,C007,Customer 7,Delhi,Retailer,P017,Product 17,Hardware,Imran,Paid,16,1836.81,2401.71,15,>10%,38427.36,5764.1,32663.26,29388.96,3274.3,10.02,False,False,False
O00625,2025-08-17,2025-08,8,Aug,Q3,C054,Customer 54,Varanasi,Wholesaler,P006,Product 6,Electrical,Neha,Paid,9,1677.16,2182.12,0,0%,19639.08,0.0,19639.08,15094.44,4544.64,23.14,False,False,False
O00626,2025-10-16,2025-10,10,Oct,Q4,C001,Customer 1,Jaipur,Retailer,P005,Product 5,Electrical,Neha,Overdue,1,704.22,826.1,0,0%,826.1,0.0,826.1,704.22,121.88,14.75,False,False,False
O00627,2025-05-30,2025-05,5,May,Q2,C044,Customer 44,Patna,Retailer,P008,Product 8,Hardware,Rahul,Paid,16,1423.59,1900.7,0,0%,30411.2,0.0,30411.2,22777.44,7633.76,25.1,False,False,False
O00628,2025-10-04,2025-10,10,Oct,Q4,C045,Customer 45,Varanasi,Retailer,P002,Product 2,Paint,Rahul,Paid,9,354.61,409.04,2,1-5%,3681.36,73.63,3607.73,3191.49,416.24,11.54,False,False,False
O00629,2025-07-17,2025-07,7,Jul,Q3,C047,Customer 47,Patna,Wholesaler,P016,Product 16,Plumbing,Amit,Paid,19,925.09,1236.86,5,1-5%,23500.34,1175.02,22325.32,17576.71,4748.61,21.27,False,False,False
O00630,2025-03-11,2025-03,3,Mar,Q1,C013,Customer 13,Prayagraj,Corporate,P020,Product 20,Paint,Amit,Paid,12,1967.3,2375.55,8,6-10%,28506.6,2280.53,26226.07,23607.6,2618.47,9.98,False,False,False
O00631,2025-04-22,2025-04,4,Apr,Q2,C022,Customer 22,Delhi,Retailer,P024,Product 24,Electrical,Sana,Overdue,19,2254.5,3188.71,0,0%,60585.49,0.0,60585.49,42835.5,17749.99,29.3,False,False,False
O00632,2025-01-04,2025-01,1,Jan,Q1,C021,Customer 21,Noida,Retailer,P012,Product 12,Paint,Sana,Paid,9,2251.26,2763.16,15,>10%,24868.44,3730.27,21138.17,20261.34,876.83,4.15,False,False,False
O00633,2025-12-16,2025-12,12,Dec,Q4,C009,Customer 9,Jaipur,Wholesaler,P006,Product 6,Electrical,Sana,Paid,7,1677.16,2182.12,10,6-10%,15274.84,1527.48,13747.36,11740.12,2007.24,14.6,False,False,False
O00634,2025-11-27,2025-11,11,Nov,Q4,C026,Customer 26,Noida,Wholesaler,P001,Product 1,Safety,Sana,Paid,14,905.38,1016.77,5,1-5%,14234.78,711.74,13523.04,12675.32,847.72,6.27,False,False,False
O00635,2025-11-14,2025-11,11,Nov,Q4,C009,Customer 9,Jaipur,Wholesaler,P004,Product 4,Hardware,Neha,Pending,19,2203.16,2471.22,0,0%,46953.18,0.0,46953.18,41860.04,5093.14,10.85,False,False,False
O00636,2025-12-16,2025-12,12,Dec,Q4,C015,Customer 15,Patna,Wholesaler,P017,Product 17,Hardware,Neha,Paid,19,1836.81,2401.71,2,1-5%,45632.49,912.65,44719.84,34899.39,9820.45,21.96,False,False,False
O00637,2025-04-05,2025-04,4,Apr,Q2,C010,Customer 10,Kanpur,Retailer,P013,Product 13,Hardware,Amit,Pending,2,2259.01,3086.58,0,0%,6173.16,0.0,6173.16,4518.02,1655.14,26.81,False,False,False
O00638,2025-06-01,2025-06,6,Jun,Q2,C042,Customer 42,Jaipur,Wholesaler,P018,Product 18,Hardware,Rahul,Paid,9,2251.01,2590.72,0,0%,23316.48,0.0,23316.48,20259.09,3057.39,13.11,False,False,False
O00639,2025-11-07,2025-11,11,Nov,Q4,C072,Customer 72,Kanpur,Retailer,P005,Product 5,Electrical,Rahul,Paid,13,704.22,826.1,5,1-5%,10739.3,536.96,10202.33,9154.86,1047.47,10.27,False,False,False
O00640,2025-05-17,2025-05,5,May,Q2,C024,Customer 24,Patna,Retailer,P024,Product 24,Electrical,Imran,Paid,15,2254.5,3188.71,2,1-5%,47830.65,956.61,46874.04,33817.5,13056.54,27.85,False,False,False
O00641,2025-09-04,2025-09,9,Sep,Q3,C080,Customer 80,Varanasi,Wholesaler,P024,Product 24,Electrical,Neha,Paid,3,2254.5,3188.71,5,1-5%,9566.13,478.31,9087.82,6763.5,2324.32,25.58,False,False,False
O00642,2025-08-31,2025-08,8,Aug,Q3,C049,Customer 49,Noida,Corporate,P003,Product 3,Plumbing,Sana,Paid,11,2317.76,3103.38,15,>10%,34137.18,5120.58,29016.6,25495.36,3521.24,12.14,False,False,False
O00643,2025-01-31,2025-01,1,Jan,Q1,C026,Customer 26,Noida,Wholesaler,P011,Product 11,Paint,Sana,Paid,14,305.31,365.85,8,6-10%,5121.9,409.75,4712.15,4274.34,437.81,9.29,False,False,False
O00644,2025-02-09,2025-02,2,Feb,Q1,C037,Customer 37,Varanasi,Wholesaler,P013,Product 13,Hardware,Imran,Pending,8,2259.01,3086.58,15,>10%,24692.64,3703.9,20988.74,18072.08,2916.66,13.9,False,False,False
O00645,2025-08-17,2025-08,8,Aug,Q3,C068,Customer 68,Lucknow,Wholesaler,P004,Product 4,Hardware,Rahul,Pending,18,2203.16,2471.22,0,0%,44481.96,0.0,44481.96,39656.88,4825.08,10.85,False,False,False
O00646,2025-02-05,2025-02,2,Feb,Q1,C050,Customer 50,Noida,Retailer,P014,Product 14,Paint,Sana,Paid,19,1612.11,2151.17,5,1-5%,40872.23,2043.61,38828.62,30630.09,8198.53,21.11,False,False,False
O00647,2025-08-11,2025-08,8,Aug,Q3,C024,Customer 24,Patna,Retailer,P022,Product 22,Electrical,Rahul,Paid,16,283.62,408.72,8,6-10%,6539.52,523.16,6016.36,4537.92,1478.44,24.57,False,False,False
O00648,2025-01-06,2025-01,1,Jan,Q1,C019,Customer 19,Patna,Retailer,P011,Product 11,Paint,Imran,Paid,2,305.31,365.85,0,0%,731.7,0.0,731.7,610.62,121.08,16.55,False,False,False
O00649,2025-11-18,2025-11,11,Nov,Q4,C060,Customer 60,Delhi,Retailer,P010,Product 10,Hardware,Rahul,Paid,8,665.28,901.47,0,0%,7211.76,0.0,7211.76,5322.24,1889.52,26.2,False,False,False
O00650,2025-08-08,2025-08,8,Aug,Q3,C039,Customer 39,Lucknow,Retailer,P019,Product 19,Paint,Rahul,Pending,6,2226.75,2764.17,8,6-10%,16585.02,1326.8,15258.22,13360.5,1897.72,12.44,False,False,False
O00651,2025-03-16,2025-03,3,Mar,Q1,C074,Customer 74,Kanpur,Corporate,P018,Product 18,Hardware,Rahul,Paid,12,2251.01,2590.72,8,6-10%,31088.64,2487.09,28601.55,27012.12,1589.43,5.56,False,False,False
O00652,2025-01-04,2025-01,1,Jan,Q1,C018,Customer 18,Patna,Retailer,P006,Product 6,Electrical,Sana,Paid,15,1677.16,2182.12,5,1-5%,32731.8,1636.59,31095.21,25157.4,5937.81,19.1,False,False,False
O00653,2025-12-01,2025-12,12,Dec,Q4,C019,Customer 19,Patna,Retailer,P015,Product 15,Hardware,Amit,Pending,8,900.45,1260.85,5,1-5%,10086.8,504.34,9582.46,7203.6,2378.86,24.83,False,False,False
O00654,2025-05-14,2025-05,5,May,Q2,C036,Customer 36,Delhi,Wholesaler,P021,Product 21,Electrical,Neha,Pending,4,1633.72,1961.31,5,1-5%,7845.24,392.26,7452.98,6534.88,918.1,12.32,False,False,False
O00655,2025-04-28,2025-04,4,Apr,Q2,C074,Customer 74,Kanpur,Corporate,P010,Product 10,Hardware,Rahul,Paid,15,665.28,901.47,0,0%,13522.05,0.0,13522.05,9979.2,3542.85,26.2,False,False,False
O00656,2025-04-04,2025-04,4,Apr,Q2,C055,Customer 55,Jaipur,Wholesaler,P005,Product 5,Electrical,Rahul,Paid,20,704.22,826.1,5,1-5%,16522.0,826.1,15695.9,14084.4,1611.5,10.27,False,False,False
O00657,2025-03-03,2025-03,3,Mar,Q1,C069,Customer 69,Varanasi,Retailer,P005,Product 5,Electrical,Rahul,Paid,17,704.22,826.1,2,1-5%,14043.7,280.87,13762.83,11971.74,1791.09,13.01,False,False,False
O00658,2025-07-13,2025-07,7,Jul,Q3,C047,Customer 47,Patna,Wholesaler,P010,Product 10,Hardware,Amit,Paid,13,665.28,901.47,0,0%,11719.11,0.0,11719.11,8648.64,3070.47,26.2,False,False,False
O00659,2025-12-01,2025-12,12,Dec,Q4,C049,Customer 49,Noida,Corporate,P005,Product 5,Electrical,Imran,Overdue,18,704.22,826.1,15,>10%,14869.8,2230.47,12639.33,12675.96,-36.63,-0.29,True,False,False
O00660,2025-07-22,2025-07,7,Jul,Q3,C033,Customer 33,Varanasi,Retailer,P003,Product 3,Plumbing,Sana,Pending,2,2317.76,3103.38,8,6-10%,6206.76,496.54,5710.22,4635.52,1074.7,18.82,False,False,False
O00661,2025-01-26,2025-01,1,Jan,Q1,C021,Customer 21,Noida,Retailer,P023,Product 23,Plumbing,Amit,Pending,13,471.14,588.79,8,6-10%,7654.27,612.34,7041.93,6124.82,917.11,13.02,False,False,False
O00662,2025-06-22,2025-06,6,Jun,Q2,C022,Customer 22,Delhi,Retailer,P006,Product 6,Electrical,Rahul,Paid,13,1677.16,2182.12,5,1-5%,28367.56,1418.38,26949.18,21803.08,5146.1,19.1,False,False,False
O00663,2025-10-27,2025-10,10,Oct,Q4,C048,Customer 48,Jaipur,Wholesaler,P004,Product 4,Hardware,Amit,Pending,15,2203.16,2471.22,5,1-5%,37068.3,1853.42,35214.88,33047.4,2167.49,6.16,False,False,False
O00664,2025-05-13,2025-05,5,May,Q2,C037,Customer 37,Varanasi,Wholesaler,P018,Product 18,Hardware,Amit,Paid,20,2251.01,2590.72,2,1-5%,51814.4,1036.29,50778.11,45020.2,5757.91,11.34,False,False,False
O00665,2025-11-22,2025-11,11,Nov,Q4,C015,Customer 15,Patna,Wholesaler,P009,Product 9,Safety,Amit,Paid,10,1361.75,1625.94,0,0%,16259.4,0.0,16259.4,13617.5,2641.9,16.25,False,False,False
O00666,2025-04-28,2025-04,4,Apr,Q2,C035,Customer 35,Noida,Wholesaler,P017,Product 17,Hardware,Imran,Paid,3,1836.81,2401.71,2,1-5%,7205.13,144.1,7061.03,5510.43,1550.6,21.96,False,False,False
O00667,2025-11-20,2025-11,11,Nov,Q4,C071,Customer 71,Kanpur,Retailer,P013,Product 13,Hardware,Neha,Paid,19,2259.01,3086.58,10,6-10%,58645.02,5864.5,52780.52,42921.19,9859.33,18.68,False,False,False
O00668,2025-10-02,2025-10,10,Oct,Q4,C032,Customer 32,Lucknow,Retailer,P015,Product 15,Hardware,Sana,Pending,3,900.45,1260.85,8,6-10%,3782.55,302.6,3479.95,2701.35,778.6,22.37,False,False,False
O00669,2025-07-31,2025-07,7,Jul,Q3,C011,Customer 11,Prayagraj,Corporate,P020,Product 20,Paint,Imran,Paid,14,1967.3,2375.55,5,1-5%,33257.7,1662.88,31594.82,27542.2,4052.62,12.83,False,False,False
O00670,2025-08-13,2025-08,8,Aug,Q3,C010,Customer 10,Kanpur,Retailer,P017,Product 17,Hardware,Imran,Paid,8,1836.81,2401.71,5,1-5%,19213.68,960.68,18253.0,14694.48,3558.52,19.5,False,False,False
O00671,2025-01-20,2025-01,1,Jan,Q1,C073,Customer 73,Lucknow,Corporate,P013,Product 13,Hardware,Neha,Paid,4,2259.01,3086.58,15,>10%,12346.32,1851.95,10494.37,9036.04,1458.33,13.9,False,False,False
O00672,2025-04-23,2025-04,4,Apr,Q2,C078,Customer 78,Varanasi,Retailer,P016,Product 16,Plumbing,Imran,Paid,20,925.09,1236.86,0,0%,24737.2,0.0,24737.2,18501.8,6235.4,25.21,False,False,False
O00673,2025-05-20,2025-05,5,May,Q2,C077,Customer 77,Varanasi,Corporate,P022,Product 22,Electrical,Amit,Paid,11,283.62,408.72,5,1-5%,4495.92,224.8,4271.12,3119.82,1151.3,26.96,False,False,False
O00674,2025-02-16,2025-02,2,Feb,Q1,C057,Customer 57,Patna,Wholesaler,P004,Product 4,Hardware,Amit,Paid,11,2203.16,2471.22,5,1-5%,27183.42,1359.17,25824.25,24234.76,1589.49,6.16,False,False,False
O00675,2025-01-01,2025-01,1,Jan,Q1,C025,Customer 25,Varanasi,Retailer,P005,Product 5,Electrical,Rahul,Pending,11,704.22,826.1,10,6-10%,9087.1,908.71,8178.39,7746.42,431.97,5.28,False,False,False
O00676,2025-03-31,2025-03,3,Mar,Q1,C002,Customer 2,Varanasi,Retailer,P005,Product 5,Electrical,Imran,Paid,2,704.22,826.1,15,>10%,1652.2,247.83,1404.37,1408.44,-4.07,-0.29,True,False,False
O00677,2025-05-22,2025-05,5,May,Q2,C064,Customer 64,Lucknow,Wholesaler,P009,Product 9,Safety,Rahul,Paid,17,1361.75,1625.94,2,1-5%,27640.98,552.82,27088.16,23149.75,3938.41,14.54,False,False,False
O00678,2025-11-16,2025-11,11,Nov,Q4,C035,Customer 35,Noida,Wholesaler,P017,Product 17,Hardware,Sana,Paid,9,1836.81,2401.71,10,6-10%,21615.39,2161.54,19453.85,16531.29,2922.56,15.02,False,False,False
O00679,2025-02-07,2025-02,2,Feb,Q1,C007,Customer 7,Delhi,Retailer,P013,Product 13,Hardware,Amit,Pending,2,2259.01,3086.58,10,6-10%,6173.16,617.32,5555.84,4518.02,1037.82,18.68,False,False,False
O00680,2025-10-20,2025-10,10,Oct,Q4,C018,Customer 18,Patna,Retailer,P002,Product 2,Paint,Sana,Paid,15,354.61,409.04,2,1-5%,6135.6,122.71,6012.89,5319.15,693.74,11.54,False,False,False
O00681,2025-05-19,2025-05,5,May,Q2,C067,Customer 67,Varanasi,Retailer,P013,Product 13,Hardware,Neha,Paid,16,2259.01,3086.58,5,1-5%,49385.28,2469.26,46916.02,36144.16,10771.86,22.96,False,False,False
O00682,2025-12-22,2025-12,12,Dec,Q4,C042,Customer 42,Jaipur,Wholesaler,P022,Product 22,Electrical,Amit,Paid,4,283.62,408.72,5,1-5%,1634.88,81.74,1553.14,1134.48,418.66,26.96,False,False,False
O00683,2025-11-29,2025-11,11,Nov,Q4,C039,Customer 39,Lucknow,Retailer,P021,Product 21,Electrical,Sana,Paid,8,1633.72,1961.31,15,>10%,15690.48,2353.57,13336.91,13069.76,267.15,2.0,False,False,False
O00684,2025-09-16,2025-09,9,Sep,Q3,C041,Customer 41,Prayagraj,Corporate,P023,Product 23,Plumbing,Neha,Paid,9,471.14,588.79,2,1-5%,5299.11,105.98,5193.13,4240.26,952.87,18.35,False,False,False
O00685,2025-06-10,2025-06,6,Jun,Q2,C075,Customer 75,Delhi,Wholesaler,P019,Product 19,Paint,Sana,Pending,5,2226.75,2764.17,10,6-10%,13820.85,1382.08,12438.76,11133.75,1305.01,10.49,False,False,False
O00686,2025-06-27,2025-06,6,Jun,Q2,C024,Customer 24,Patna,Retailer,P003,Product 3,Plumbing,Neha,Paid,16,2317.76,3103.38,5,1-5%,49654.08,2482.7,47171.38,37084.16,10087.22,21.38,False,False,False
O00687,2025-01-10,2025-01,1,Jan,Q1,C060,Customer 60,Delhi,Retailer,P010,Product 10,Hardware,Neha,Paid,13,665.28,901.47,8,6-10%,11719.11,937.53,10781.58,8648.64,2132.94,19.78,False,False,False
O00688,2025-09-18,2025-09,9,Sep,Q3,C046,Customer 46,Varanasi,Retailer,P002,Product 2,Paint,Amit,Pending,7,354.61,409.04,5,1-5%,2863.28,143.16,2720.12,2482.27,237.85,8.74,False,False,False
O00689,2025-05-18,2025-05,5,May,Q2,C019,Customer 19,Patna,Retailer,P013,Product 13,Hardware,Rahul,Paid,20,2259.01,3086.58,8,6-10%,61731.6,4938.53,56793.07,45180.2,11612.87,20.45,False,False,False
O00690,2025-06-21,2025-06,6,Jun,Q2,C068,Customer 68,Lucknow,Wholesaler,P019,Product 19,Paint,Neha,Paid,17,2226.75,2764.17,10,6-10%,46990.89,4699.09,42291.8,37854.75,4437.05,10.49,False,False,False
O00691,2025-01-13,2025-01,1,Jan,Q1,C042,Customer 42,Jaipur,Wholesaler,P017,Product 17,Hardware,Neha,Paid,3,1836.81,2401.71,10,6-10%,7205.13,720.51,6484.62,5510.43,974.19,15.02,False,False,False
O00692,2025-06-17,2025-06,6,Jun,Q2,C032,Customer 32,Lucknow,Retailer,P021,Product 21,Electrical,Amit,Paid,5,1633.72,1961.31,10,6-10%,9806.55,980.66,8825.89,8168.6,657.29,7.45,False,False,False
O00693,2025-05-10,2025-05,5,May,Q2,C039,Customer 39,Lucknow,Retailer,P014,Product 14,Paint,Rahul,Paid,19,1612.11,2151.17,0,0%,40872.23,0.0,40872.23,30630.09,10242.14,25.06,False,False,False
O00694,2025-03-25,2025-03,3,Mar,Q1,C036,Customer 36,Delhi,Wholesaler,P012,Product 12,Paint,Imran,Paid,12,2251.26,2763.16,8,6-10%,33157.92,2652.63,30505.29,27015.12,3490.17,11.44,False,False,False
O00695,2025-11-17,2025-11,11,Nov,Q4,C036,Customer 36,Delhi,Wholesaler,P021,Product 21,Electrical,Imran,Pending,7,1633.72,1961.31,0,0%,13729.17,0.0,13729.17,11436.04,2293.13,16.7,False,False,False
O00696,2025-11-15,2025-11,11,Nov,Q4,C003,Customer 3,Delhi,Retailer,P012,Product 12,Paint,Rahul,Overdue,9,2251.26,2763.16,5,1-5%,24868.44,1243.42,23625.02,20261.34,3363.68,14.24,False,False,False
O00697,2025-04-11,2025-04,4,Apr,Q2,C073,Customer 73,Lucknow,Corporate,P011,Product 11,Paint,Sana,Paid,6,305.31,365.85,5,1-5%,2195.1,109.76,2085.34,1831.86,253.49,12.16,False,False,False
O00698,2025-11-25,2025-11,11,Nov,Q4,C008,Customer 8,Delhi,Wholesaler,P007,Product 7,Paint,Amit,Paid,17,2057.68,2774.42,5,1-5%,47165.14,2358.26,44806.88,34980.56,9826.32,21.93,False,False,False
O00699,2025-09-30,2025-09,9,Sep,Q3,C070,Customer 70,Noida,Retailer,P004,Product 4,Hardware,Rahul,Paid,16,2203.16,2471.22,5,1-5%,39539.52,1976.98,37562.54,35250.56,2311.98,6.16,False,False,False
O00700,2025-09-22,2025-09,9,Sep,Q3,C041,Customer 41,Prayagraj,Corporate,P019,Product 19,Paint,Imran,Pending,3,2226.75,2764.17,15,>10%,8292.51,1243.88,7048.63,6680.25,368.38,5.23,False,False,False
O00701,2025-02-07,2025-02,2,Feb,Q1,C068,Customer 68,Lucknow,Wholesaler,P001,Product 1,Safety,Neha,Paid,4,905.38,1016.77,0,0%,4067.08,0.0,4067.08,3621.52,445.56,10.96,False,False,False
O00702,2025-04-04,2025-04,4,Apr,Q2,C013,Customer 13,Prayagraj,Corporate,P024,Product 24,Electrical,Imran,Paid,10,2254.5,3188.71,8,6-10%,31887.1,2550.97,29336.13,22545.0,6791.13,23.15,False,False,False
O00703,2025-04-05,2025-04,4,Apr,Q2,C049,Customer 49,Noida,Corporate,P003,Product 3,Plumbing,Neha,Pending,5,2317.76,3103.38,5,1-5%,15516.9,775.84,14741.06,11588.8,3152.26,21.38,False,False,False
O00704,2025-11-01,2025-11,11,Nov,Q4,C060,Customer 60,Delhi,Retailer,P013,Product 13,Hardware,Amit,Pending,10,2259.01,3086.58,0,0%,30865.8,0.0,30865.8,22590.1,8275.7,26.81,False,False,False
O00705,2025-03-10,2025-03,3,Mar,Q1,C002,Customer 2,Varanasi,Retailer,P015,Product 15,Hardware,Neha,Pending,12,900.45,1260.85,2,1-5%,15130.2,302.6,14827.6,10805.4,4022.2,27.13,False,False,False
O00706,2025-11-14,2025-11,11,Nov,Q4,C060,Customer 60,Delhi,Retailer,P002,Product 2,Paint,Rahul,Paid,10,354.61,409.04,15,>10%,4090.4,613.56,3476.84,3546.1,-69.26,-1.99,True,False,False
O00707,2025-08-24,2025-08,8,Aug,Q3,C005,Customer 5,Prayagraj,Retailer,P011,Product 11,Paint,Neha,Pending,13,305.31,365.85,10,6-10%,4756.05,475.6,4280.44,3969.03,311.41,7.28,False,False,False
O00708,2025-11-30,2025-11,11,Nov,Q4,C044,Customer 44,Patna,Retailer,P004,Product 4,Hardware,Sana,Pending,11,2203.16,2471.22,15,>10%,27183.42,4077.51,23105.91,24234.76,-1128.85,-4.89,True,False,False
O00709,2025-05-17,2025-05,5,May,Q2,C027,Customer 27,Noida,Retailer,P019,Product 19,Paint,Rahul,Paid,16,2226.75,2764.17,15,>10%,44226.72,6634.01,37592.71,35628.0,1964.71,5.23,False,False,False
O00710,2025-03-17,2025-03,3,Mar,Q1,C032,Customer 32,Lucknow,Retailer,P017,Product 17,Hardware,Amit,Paid,8,1836.81,2401.71,2,1-5%,19213.68,384.27,18829.41,14694.48,4134.93,21.96,False,False,False
O00711,2025-02-04,2025-02,2,Feb,Q1,C021,Customer 21,Noida,Retailer,P003,Product 3,Plumbing,Rahul,Paid,8,2317.76,3103.38,5,1-5%,24827.04,1241.35,23585.69,18542.08,5043.61,21.38,False,False,False
O00712,2025-01-01,2025-01,1,Jan,Q1,C008,Customer 8,Delhi,Wholesaler,P018,Product 18,Hardware,Sana,Overdue,8,2251.01,2590.72,8,6-10%,20725.76,1658.06,19067.7,18008.08,1059.62,5.56,False,False,False
O00713,2025-10-23,2025-10,10,Oct,Q4,C072,Customer 72,Kanpur,Retailer,P008,Product 8,Hardware,Amit,Paid,13,1423.59,1900.7,5,1-5%,24709.1,1235.46,23473.64,18506.67,4966.98,21.16,False,False,False
O00714,2025-11-16,2025-11,11,Nov,Q4,C050,Customer 50,Noida,Retailer,P022,Product 22,Electrical,Imran,Paid,2,283.62,408.72,5,1-5%,817.44,40.87,776.57,567.24,209.33,26.96,False,False,False
O00715,2025-03-01,2025-03,3,Mar,Q1,C067,Customer 67,Varanasi,Retailer,P025,Product 25,Hardware,Sana,Paid,12,1547.56,2055.59,5,1-5%,24667.08,1233.35,23433.73,18570.72,4863.01,20.75,False,False,False
O00716,2025-11-16,2025-11,11,Nov,Q4,C044,Customer 44,Patna,Retailer,P024,Product 24,Electrical,Amit,Pending,10,2254.5,3188.71,8,6-10%,31887.1,2550.97,29336.13,22545.0,6791.13,23.15,False,False,False
O00717,2025-12-15,2025-12,12,Dec,Q4,C058,Customer 58,Lucknow,Retailer,P019,Product 19,Paint,Neha,Paid,12,2226.75,2764.17,8,6-10%,33170.04,2653.6,30516.44,26721.0,3795.44,12.44,False,False,False
O00718,2025-11-24,2025-11,11,Nov,Q4,C003,Customer 3,Delhi,Retailer,P005,Product 5,Electrical,Rahul,Paid,11,704.22,826.1,2,1-5%,9087.1,181.74,8905.36,7746.42,1158.94,13.01,False,False,False
O00719,2025-09-24,2025-09,9,Sep,Q3,C070,Customer 70,Noida,Retailer,P007,Product 7,Paint,Amit,Paid,15,2057.68,2774.42,5,1-5%,41616.3,2080.82,39535.48,30865.2,8670.29,21.93,False,False,False
O00720,2025-12-27,2025-12,12,Dec,Q4,C002,Customer 2,Varanasi,Retailer,P021,Product 21,Electrical,Rahul,Overdue,16,1633.72,1961.31,8,6-10%,31380.96,2510.48,28870.48,26139.52,2730.96,9.46,False,False,False
O00721,2025-08-17,2025-08,8,Aug,Q3,C044,Customer 44,Patna,Retailer,P008,Product 8,Hardware,Neha,Paid,17,1423.59,1900.7,8,6-10%,32311.9,2584.95,29726.95,24201.03,5525.92,18.59,False,False,False
O00722,2025-09-27,2025-09,9,Sep,Q3,C002,Customer 2,Varanasi,Retailer,P005,Product 5,Electrical,Amit,Paid,2,704.22,826.1,2,1-5%,1652.2,33.04,1619.16,1408.44,210.72,13.01,False,False,False
O00723,2025-11-12,2025-11,11,Nov,Q4,C035,Customer 35,Noida,Wholesaler,P017,Product 17,Hardware,Imran,Pending,18,1836.81,2401.71,8,6-10%,43230.78,3458.46,39772.32,33062.58,6709.74,16.87,False,False,False
O00724,2025-10-13,2025-10,10,Oct,Q4,C030,Customer 30,Varanasi,Corporate,P005,Product 5,Electrical,Sana,Paid,12,704.22,826.1,0,0%,9913.2,0.0,9913.2,8450.64,1462.56,14.75,False,False,False
O00725,2025-10-18,2025-10,10,Oct,Q4,C008,Customer 8,Delhi,Wholesaler,P004,Product 4,Hardware,Amit,Overdue,19,2203.16,2471.22,5,1-5%,46953.18,2347.66,44605.52,41860.04,2745.48,6.16,False,False,False
O00726,2025-08-01,2025-08,8,Aug,Q3,C022,Customer 22,Delhi,Retailer,P022,Product 22,Electrical,Neha,Paid,18,283.62,408.72,10,6-10%,7356.96,735.7,6621.26,5105.16,1516.1,22.9,False,False,False
O00727,2025-06-14,2025-06,6,Jun,Q2,C044,Customer 44,Patna,Retailer,P019,Product 19,Paint,Amit,Paid,17,2226.75,2764.17,8,6-10%,46990.89,3759.27,43231.62,37854.75,5376.87,12.44,False,False,False
O00728,2025-01-05,2025-01,1,Jan,Q1,C058,Customer 58,Lucknow,Retailer,P021,Product 21,Electrical,Rahul,Paid,6,1633.72,1961.31,5,1-5%,11767.86,588.39,11179.47,9802.32,1377.15,12.32,False,False,False
O00729,2025-12-05,2025-12,12,Dec,Q4,C036,Customer 36,Delhi,Wholesaler,P002,Product 2,Paint,Amit,Paid,15,354.61,409.04,8,6-10%,6135.6,490.85,5644.75,5319.15,325.6,5.77,False,False,False
O00730,2025-03-19,2025-03,3,Mar,Q1,C069,Customer 69,Varanasi,Retailer,P011,Product 11,Paint,Imran,Pending,3,305.31,365.85,8,6-10%,1097.55,87.8,1009.75,915.93,93.82,9.29,False,False,False
O00731,2025-03-03,2025-03,3,Mar,Q1,C077,Customer 77,Varanasi,Corporate,P022,Product 22,Electrical,Amit,Paid,6,283.62,408.72,10,6-10%,2452.32,245.23,2207.09,1701.72,505.37,22.9,False,False,False
O00732,2025-05-12,2025-05,5,May,Q2,C031,Customer 31,Delhi,Wholesaler,P013,Product 13,Hardware,Sana,Pending,3,2259.01,3086.58,8,6-10%,9259.74,740.78,8518.96,6777.03,1741.93,20.45,False,False,False
O00733,2025-03-30,2025-03,3,Mar,Q1,C047,Customer 47,Patna,Wholesaler,P015,Product 15,Hardware,Amit,Paid,1,900.45,1260.85,8,6-10%,1260.85,100.87,1159.98,900.45,259.53,22.37,False,False,False
O00734,2025-08-25,2025-08,8,Aug,Q3,C055,Customer 55,Jaipur,Wholesaler,P012,Product 12,Paint,Rahul,Paid,13,2251.26,2763.16,5,1-5%,35921.08,1796.05,34125.03,29266.38,4858.65,14.24,False,False,False
O00735,2025-02-11,2025-02,2,Feb,Q1,C080,Customer 80,Varanasi,Wholesaler,P022,Product 22,Electrical,Amit,Paid,14,283.62,408.72,0,0%,5722.08,0.0,5722.08,3970.68,1751.4,30.61,False,False,False
O00736,2025-03-30,2025-03,3,Mar,Q1,C062,Customer 62,Jaipur,Wholesaler,P021,Product 21,Electrical,Imran,Overdue,13,1633.72,1961.31,5,1-5%,25497.03,1274.85,24222.18,21238.36,2983.82,12.32,False,False,False
O00737,2025-10-23,2025-10,10,Oct,Q4,C030,Customer 30,Varanasi,Corporate,P022,Product 22,Electrical,Neha,Paid,4,283.62,408.72,5,1-5%,1634.88,81.74,1553.14,1134.48,418.66,26.96,False,False,False
O00738,2025-11-24,2025-11,11,Nov,Q4,C055,Customer 55,Jaipur,Wholesaler,P011,Product 11,Paint,Amit,Paid,7,305.31,365.85,8,6-10%,2560.95,204.88,2356.07,2137.17,218.9,9.29,False,False,False
O00739,2025-10-22,2025-10,10,Oct,Q4,C016,Customer 16,Delhi,Corporate,P007,Product 7,Paint,Amit,Paid,10,2057.68,2774.42,5,1-5%,27744.2,1387.21,26356.99,20576.8,5780.19,21.93,False,False,False
O00740,2025-04-14,2025-04,4,Apr,Q2,C012,Customer 12,Jaipur,Wholesaler,P005,Product 5,Electrical,Sana,Paid,7,704.22,826.1,5,1-5%,5782.7,289.14,5493.56,4929.54,564.02,10.27,False,False,False
O00741,2025-01-14,2025-01,1,Jan,Q1,C017,Customer 17,Varanasi,Retailer,P017,Product 17,Hardware,Imran,Paid,15,1836.81,2401.71,0,0%,36025.65,0.0,36025.65,27552.15,8473.5,23.52,False,False,False
O00742,2025-10-15,2025-10,10,Oct,Q4,C016,Customer 16,Delhi,Corporate,P024,Product 24,Electrical,Neha,Overdue,15,2254.5,3188.71,5,1-5%,47830.65,2391.53,45439.12,33817.5,11621.62,25.58,False,False,False
O00743,2025-06-28,2025-06,6,Jun,Q2,C012,Customer 12,Jaipur,Wholesaler,P020,Product 20,Paint,Rahul,Paid,4,1967.3,2375.55,5,1-5%,9502.2,475.11,9027.09,7869.2,1157.89,12.83,False,False,False
O00744,2025-05-05,2025-05,5,May,Q2,C008,Customer 8,Delhi,Wholesaler,P009,Product 9,Safety,Amit,Pending,6,1361.75,1625.94,8,6-10%,9755.64,780.45,8975.19,8170.5,804.69,8.97,False,False,False
O00745,2025-12-19,2025-12,12,Dec,Q4,C003,Customer 3,Delhi,Retailer,P014,Product 14,Paint,Neha,Paid,20,1612.11,2151.17,0,0%,43023.4,0.0,43023.4,32242.2,10781.2,25.06,False,False,False
O00746,2025-01-23,2025-01,1,Jan,Q1,C016,Customer 16,Delhi,Corporate,P012,Product 12,Paint,Rahul,Paid,5,2251.26,2763.16,8,6-10%,13815.8,1105.26,12710.54,11256.3,1454.24,11.44,False,False,False
O00747,2025-03-04,2025-03,3,Mar,Q1,C030,Customer 30,Varanasi,Corporate,P006,Product 6,Electrical,Imran,Overdue,20,1677.16,2182.12,15,>10%,43642.4,6546.36,37096.04,33543.2,3552.84,9.58,False,False,False
O00748,2025-05-23,2025-05,5,May,Q2,C023,Customer 23,Kanpur,Corporate,P017,Product 17,Hardware,Imran,Paid,12,1836.81,2401.71,2,1-5%,28820.52,576.41,28244.11,22041.72,6202.39,21.96,False,False,False
O00749,2025-06-02,2025-06,6,Jun,Q2,C005,Customer 5,Prayagraj,Retailer,P019,Product 19,Paint,Neha,Overdue,1,2226.75,2764.17,5,1-5%,2764.17,138.21,2625.96,2226.75,399.21,15.2,False,False,False
O00750,2025-05-25,2025-05,5,May,Q2,C065,Customer 65,Jaipur,Corporate,P019,Product 19,Paint,Rahul,Paid,8,2226.75,2764.17,0,0%,22113.36,0.0,22113.36,17814.0,4299.36,19.44,False,False,False
O00751,2025-08-13,2025-08,8,Aug,Q3,C030,Customer 30,Varanasi,Corporate,P016,Product 16,Plumbing,Imran,Overdue,1,925.09,1236.86,8,6-10%,1236.86,98.95,1137.91,925.09,212.82,18.7,False,False,False
O00752,2025-11-05,2025-11,11,Nov,Q4,C021,Customer 21,Noida,Retailer,P012,Product 12,Paint,Neha,Paid,5,2251.26,2763.16,8,6-10%,13815.8,1105.26,12710.54,11256.3,1454.24,11.44,False,False,False
O00753,2025-04-14,2025-04,4,Apr,Q2,C070,Customer 70,Noida,Retailer,P012,Product 12,Paint,Imran,Paid,6,2251.26,2763.16,5,1-5%,16578.96,828.95,15750.01,13507.56,2242.45,14.24,False,False,False
O00754,2025-04-14,2025-04,4,Apr,Q2,C022,Customer 22,Delhi,Retailer,P020,Product 20,Paint,Imran,Paid,3,1967.3,2375.55,5,1-5%,7126.65,356.33,6770.32,5901.9,868.42,12.83,False,False,False
O00755,2025-02-08,2025-02,2,Feb,Q1,C072,Customer 72,Kanpur,Retailer,P006,Product 6,Electrical,Imran,Paid,15,1677.16,2182.12,10,6-10%,32731.8,3273.18,29458.62,25157.4,4301.22,14.6,False,False,False
O00756,2025-07-17,2025-07,7,Jul,Q3,C032,Customer 32,Lucknow,Retailer,P023,Product 23,Plumbing,Sana,Paid,5,471.14,588.79,2,1-5%,2943.95,58.88,2885.07,2355.7,529.37,18.35,False,False,False
O00757,2025-05-14,2025-05,5,May,Q2,C033,Customer 33,Varanasi,Retailer,P004,Product 4,Hardware,Rahul,Paid,14,2203.16,2471.22,0,0%,34597.08,0.0,34597.08,30844.24,3752.84,10.85,False,False,False
O00758,2025-03-08,2025-03,3,Mar,Q1,C016,Customer 16,Delhi,Corporate,P006,Product 6,Electrical,Neha,Paid,18,1677.16,2182.12,10,6-10%,39278.16,3927.82,35350.34,30188.88,5161.46,14.6,False,False,False
O00759,2025-06-28,2025-06,6,Jun,Q2,C076,Customer 76,Kanpur,Corporate,P011,Product 11,Paint,Neha,Paid,16,305.31,365.85,8,6-10%,5853.6,468.29,5385.31,4884.96,500.35,9.29,False,False,False
O00760,2025-02-11,2025-02,2,Feb,Q1,C038,Customer 38,Lucknow,Retailer,P001,Product 1,Safety,Rahul,Pending,6,905.38,1016.77,10,6-10%,6100.62,610.06,5490.56,5432.28,58.28,1.06,False,False,False
O00761,2025-01-15,2025-01,1,Jan,Q1,C014,Customer 14,Prayagraj,Corporate,P024,Product 24,Electrical,Rahul,Paid,14,2254.5,3188.71,8,6-10%,44641.94,3571.36,41070.58,31563.0,9507.58,23.15,False,False,False
O00762,2025-04-21,2025-04,4,Apr,Q2,C036,Customer 36,Delhi,Wholesaler,P023,Product 23,Plumbing,Rahul,Paid,8,471.14,588.79,10,6-10%,4710.32,471.03,4239.29,3769.12,470.17,11.09,False,False,False
O00763,2025-06-06,2025-06,6,Jun,Q2,C023,Customer 23,Kanpur,Corporate,P015,Product 15,Hardware,Rahul,Paid,7,900.45,1260.85,5,1-5%,8825.95,441.3,8384.65,6303.15,2081.5,24.83,False,False,False
O00764,2025-10-16,2025-10,10,Oct,Q4,C066,Customer 66,Kanpur,Retailer,P011,Product 11,Paint,Amit,Paid,8,305.31,365.85,8,6-10%,2926.8,234.14,2692.66,2442.48,250.18,9.29,False,False,False
O00765,2025-08-19,2025-08,8,Aug,Q3,C002,Customer 2,Varanasi,Retailer,P025,Product 25,Hardware,Neha,Paid,13,1547.56,2055.59,15,>10%,26722.67,4008.4,22714.27,20118.28,2595.99,11.43,False,False,False
O00766,2025-06-06,2025-06,6,Jun,Q2,C073,Customer 73,Lucknow,Corporate,P019,Product 19,Paint,Amit,Paid,6,2226.75,2764.17,8,6-10%,16585.02,1326.8,15258.22,13360.5,1897.72,12.44,False,False,False
O00767,2025-02-07,2025-02,2,Feb,Q1,C065,Customer 65,Jaipur,Corporate,P018,Product 18,Hardware,Imran,Overdue,18,2251.01,2590.72,2,1-5%,46632.96,932.66,45700.3,40518.18,5182.12,11.34,False,False,False
O00768,2025-04-07,2025-04,4,Apr,Q2,C075,Customer 75,Delhi,Wholesaler,P017,Product 17,Hardware,Imran,Pending,2,1836.81,2401.71,5,1-5%,4803.42,240.17,4563.25,3673.62,889.63,19.5,False,False,False
O00769,2025-10-16,2025-10,10,Oct,Q4,C067,Customer 67,Varanasi,Retailer,P019,Product 19,Paint,Neha,Paid,8,2226.75,2764.17,2,1-5%,22113.36,442.27,21671.09,17814.0,3857.09,17.8,False,False,False
O00770,2025-09-11,2025-09,9,Sep,Q3,C052,Customer 52,Noida,Wholesaler,P021,Product 21,Electrical,Imran,Paid,11,1633.72,1961.31,2,1-5%,21574.41,431.49,21142.92,17970.92,3172.0,15.0,False,False,False
O00771,2025-07-15,2025-07,7,Jul,Q3,C062,Customer 62,Jaipur,Wholesaler,P014,Product 14,Paint,Rahul,Paid,1,1612.11,2151.17,5,1-5%,2151.17,107.56,2043.61,1612.11,431.5,21.11,False,False,False
O00772,2025-03-27,2025-03,3,Mar,Q1,C023,Customer 23,Kanpur,Corporate,P018,Product 18,Hardware,Amit,Paid,6,2251.01,2590.72,8,6-10%,15544.32,1243.55,14300.77,13506.06,794.71,5.56,False,False,False
O00773,2025-11-18,2025-11,11,Nov,Q4,C026,Customer 26,Noida,Wholesaler,P019,Product 19,Paint,Rahul,Pending,16,2226.75,2764.17,8,6-10%,44226.72,3538.14,40688.58,35628.0,5060.58,12.44,False,False,False
O00774,2025-01-10,2025-01,1,Jan,Q1,C068,Customer 68,Lucknow,Wholesaler,P015,Product 15,Hardware,Imran,Paid,20,900.45,1260.85,5,1-5%,25217.0,1260.85,23956.15,18009.0,5947.15,24.83,False,False,False
O00775,2025-01-05,2025-01,1,Jan,Q1,C055,Customer 55,Jaipur,Wholesaler,P015,Product 15,Hardware,Amit,Paid,12,900.45,1260.85,8,6-10%,15130.2,1210.42,13919.78,10805.4,3114.38,22.37,False,False,False
O00776,2025-05-03,2025-05,5,May,Q2,C006,Customer 6,Patna,Wholesaler,P004,Product 4,Hardware,Rahul,Paid,11,2203.16,2471.22,0,0%,27183.42,0.0,27183.42,24234.76,2948.66,10.85,False,False,False
O00777,2025-11-26,2025-11,11,Nov,Q4,C035,Customer 35,Noida,Wholesaler,P007,Product 7,Paint,Neha,Paid,10,2057.68,2774.42,0,0%,27744.2,0.0,27744.2,20576.8,7167.4,25.83,False,False,False
O00778,2025-12-19,2025-12,12,Dec,Q4,C022,Customer 22,Delhi,Retailer,P013,Product 13,Hardware,Rahul,Pending,3,2259.01,3086.58,2,1-5%,9259.74,185.19,9074.55,6777.03,2297.52,25.32,False,False,False
O00779,2025-04-28,2025-04,4,Apr,Q2,C043,Customer 43,Kanpur,Retailer,P003,Product 3,Plumbing,Imran,Paid,13,2317.76,3103.38,5,1-5%,40343.94,2017.2,38326.74,30130.88,8195.86,21.38,False,False,False
O00780,2025-10-21,2025-10,10,Oct,Q4,C015,Customer 15,Patna,Wholesaler,P016,Product 16,Plumbing,Amit,Pending,3,925.09,1236.86,2,1-5%,3710.58,74.21,3636.37,2775.27,861.1,23.68,False,False,False
O00781,2025-06-08,2025-06,6,Jun,Q2,C060,Customer 60,Delhi,Retailer,P009,Product 9,Safety,Neha,Overdue,15,1361.75,1625.94,5,1-5%,24389.1,1219.46,23169.64,20426.25,2743.4,11.84,False,False,False
O00782,2025-10-30,2025-10,10,Oct,Q4,C012,Customer 12,Jaipur,Wholesaler,P008,Product 8,Hardware,Amit,Paid,16,1423.59,1900.7,5,1-5%,30411.2,1520.56,28890.64,22777.44,6113.2,21.16,False,False,False
O00783,2025-08-16,2025-08,8,Aug,Q3,C049,Customer 49,Noida,Corporate,P020,Product 20,Paint,Neha,Pending,13,1967.3,2375.55,10,6-10%,30882.15,3088.22,27793.94,25574.9,2219.04,7.98,False,False,False
O00784,2025-12-31,2025-12,12,Dec,Q4,C042,Customer 42,Jaipur,Wholesaler,P013,Product 13,Hardware,Amit,Paid,17,2259.01,3086.58,0,0%,52471.86,0.0,52471.86,38403.17,14068.69,26.81,False,False,False
O00785,2025-08-04,2025-08,8,Aug,Q3,C038,Customer 38,Lucknow,Retailer,P017,Product 17,Hardware,Imran,Overdue,3,1836.81,2401.71,8,6-10%,7205.13,576.41,6628.72,5510.43,1118.29,16.87,False,False,False
O00786,2025-07-03,2025-07,7,Jul,Q3,C045,Customer 45,Varanasi,Retailer,P017,Product 17,Hardware,Neha,Overdue,20,1836.81,2401.71,8,6-10%,48034.2,3842.74,44191.46,36736.2,7455.26,16.87,False,False,False
O00787,2025-01-15,2025-01,1,Jan,Q1,C035,Customer 35,Noida,Wholesaler,P017,Product 17,Hardware,Sana,Pending,11,1836.81,2401.71,10,6-10%,26418.81,2641.88,23776.93,20204.91,3572.02,15.02,False,False,False
O00788,2025-06-06,2025-06,6,Jun,Q2,C030,Customer 30,Varanasi,Corporate,P001,Product 1,Safety,Amit,Paid,19,905.38,1016.77,15,>10%,19318.63,2897.79,16420.84,17202.22,-781.38,-4.76,True,False,False
O00789,2025-05-16,2025-05,5,May,Q2,C030,Customer 30,Varanasi,Corporate,P008,Product 8,Hardware,Amit,Pending,11,1423.59,1900.7,0,0%,20907.7,0.0,20907.7,15659.49,5248.21,25.1,False,False,False
O00790,2025-09-18,2025-09,9,Sep,Q3,C078,Customer 78,Varanasi,Retailer,P019,Product 19,Paint,Rahul,Paid,16,2226.75,2764.17,2,1-5%,44226.72,884.53,43342.19,35628.0,7714.19,17.8,False,False,False
O00791,2025-06-06,2025-06,6,Jun,Q2,C006,Customer 6,Patna,Wholesaler,P006,Product 6,Electrical,Neha,Pending,3,1677.16,2182.12,10,6-10%,6546.36,654.64,5891.72,5031.48,860.24,14.6,False,False,False
O00792,2025-02-16,2025-02,2,Feb,Q1,C067,Customer 67,Varanasi,Retailer,P003,Product 3,Plumbing,Sana,Overdue,6,2317.76,3103.38,5,1-5%,18620.28,931.01,17689.27,13906.56,3782.71,21.38,False,False,False
O00793,2025-11-20,2025-11,11,Nov,Q4,C080,Customer 80,Varanasi,Wholesaler,P005,Product 5,Electrical,Imran,Paid,14,704.22,826.1,8,6-10%,11565.4,925.23,10640.17,9859.08,781.09,7.34,False,False,False
O00794,2025-11-28,2025-11,11,Nov,Q4,C007,Customer 7,Delhi,Retailer,P013,Product 13,Hardware,Rahul,Paid,18,2259.01,3086.58,8,6-10%,55558.44,4444.68,51113.76,40662.18,10451.58,20.45,False,False,False
O00795,2025-06-22,2025-06,6,Jun,Q2,C052,Customer 52,Noida,Wholesaler,P015,Product 15,Hardware,Sana,Paid,17,900.45,1260.85,8,6-10%,21434.45,1714.76,19719.69,15307.65,4412.04,22.37,False,False,False
O00796,2025-05-10,2025-05,5,May,Q2,C014,Customer 14,Prayagraj,Corporate,P014,Product 14,Paint,Neha,Paid,4,1612.11,2151.17,15,>10%,8604.68,1290.7,7313.98,6448.44,865.54,11.83,False,False,False
O00797,2025-04-05,2025-04,4,Apr,Q2,C073,Customer 73,Lucknow,Corporate,P023,Product 23,Plumbing,Sana,Paid,15,471.14,588.79,15,>10%,8831.85,1324.78,7507.07,7067.1,439.97,5.86,False,False,False
O00798,2025-04-25,2025-04,4,Apr,Q2,C015,Customer 15,Patna,Wholesaler,P016,Product 16,Plumbing,Amit,Pending,11,925.09,1236.86,8,6-10%,13605.46,1088.44,12517.02,10175.99,2341.03,18.7,False,False,False
O00799,2025-08-31,2025-08,8,Aug,Q3,C021,Customer 21,Noida,Retailer,P018,Product 18,Hardware,Amit,Overdue,3,2251.01,2590.72,5,1-5%,7772.16,388.61,7383.55,6753.03,630.52,8.54,False,False,False
O00800,2025-10-19,2025-10,10,Oct,Q4,C035,Customer 35,Noida,Wholesaler,P022,Product 22,Electrical,Rahul,Overdue,3,283.62,408.72,10,6-10%,1226.16,122.62,1103.54,850.86,252.68,22.9,False,False,False
O00801,2025-10-09,2025-10,10,Oct,Q4,C066,Customer 66,Kanpur,Retailer,P022,Product 22,Electrical,Neha,Paid,16,283.62,408.72,0,0%,6539.52,0.0,6539.52,4537.92,2001.6,30.61,False,False,False
O00802,2025-10-26,2025-10,10,Oct,Q4,C002,Customer 2,Varanasi,Retailer,P011,Product 11,Paint,Neha,Pending,5,305.31,365.85,2,1-5%,1829.25,36.58,1792.66,1526.55,266.12,14.84,False,False,False
O00803,2025-10-10,2025-10,10,Oct,Q4,C035,Customer 35,Noida,Wholesaler,P003,Product 3,Plumbing,Sana,Pending,10,2317.76,3103.38,10,6-10%,31033.8,3103.38,27930.42,23177.6,4752.82,17.02,False,False,False
O00804,2025-03-10,2025-03,3,Mar,Q1,C078,Customer 78,Varanasi,Retailer,P022,Product 22,Electrical,Rahul,Paid,19,283.62,408.72,5,1-5%,7765.68,388.28,7377.4,5388.78,1988.62,26.96,False,False,False
O00805,2025-05-28,2025-05,5,May,Q2,C020,Customer 20,Prayagraj,Retailer,P010,Product 10,Hardware,Neha,Paid,4,665.28,901.47,2,1-5%,3605.88,72.12,3533.76,2661.12,872.64,24.69,False,False,False
O00806,2025-01-11,2025-01,1,Jan,Q1,C010,Customer 10,Kanpur,Retailer,P010,Product 10,Hardware,Amit,Paid,19,665.28,901.47,0,0%,17127.93,0.0,17127.93,12640.32,4487.61,26.2,False,False,False
O00807,2025-09-11,2025-09,9,Sep,Q3,C025,Customer 25,Varanasi,Retailer,P021,Product 21,Electrical,Sana,Overdue,11,1633.72,1961.31,10,6-10%,21574.41,2157.44,19416.97,17970.92,1446.05,7.45,False,False,False
O00808,2025-11-26,2025-11,11,Nov,Q4,C066,Customer 66,Kanpur,Retailer,P016,Product 16,Plumbing,Imran,Paid,2,925.09,1236.86,5,1-5%,2473.72,123.69,2350.03,1850.18,499.85,21.27,False,False,False
O00809,2025-12-26,2025-12,12,Dec,Q4,C025,Customer 25,Varanasi,Retailer,P012,Product 12,Paint,Amit,Pending,10,2251.26,2763.16,8,6-10%,27631.6,2210.53,25421.07,22512.6,2908.47,11.44,False,False,False
O00810,2025-02-07,2025-02,2,Feb,Q1,C054,Customer 54,Varanasi,Wholesaler,P002,Product 2,Paint,Rahul,Paid,11,354.61,409.04,2,1-5%,4499.44,89.99,4409.45,3900.71,508.74,11.54,False,False,False
O00811,2025-05-14,2025-05,5,May,Q2,C033,Customer 33,Varanasi,Retailer,P009,Product 9,Safety,Neha,Pending,20,1361.75,1625.94,10,6-10%,32518.8,3251.88,29266.92,27235.0,2031.92,6.94,False,False,False
O00812,2025-07-19,2025-07,7,Jul,Q3,C036,Customer 36,Delhi,Wholesaler,P024,Product 24,Electrical,Amit,Paid,16,2254.5,3188.71,10,6-10%,51019.36,5101.94,45917.42,36072.0,9845.42,21.44,False,False,False
O00813,2025-01-23,2025-01,1,Jan,Q1,C014,Customer 14,Prayagraj,Corporate,P003,Product 3,Plumbing,Imran,Paid,19,2317.76,3103.38,5,1-5%,58964.22,2948.21,56016.01,44037.44,11978.57,21.38,False,False,False
O00814,2025-10-30,2025-10,10,Oct,Q4,C065,Customer 65,Jaipur,Corporate,P024,Product 24,Electrical,Imran,Paid,11,2254.5,3188.71,5,1-5%,35075.81,1753.79,33322.02,24799.5,8522.52,25.58,False,False,False
O00815,2025-12-12,2025-12,12,Dec,Q4,C080,Customer 80,Varanasi,Wholesaler,P025,Product 25,Hardware,Rahul,Paid,14,1547.56,2055.59,2,1-5%,28778.26,575.57,28202.69,21665.84,6536.85,23.18,False,False,False
O00816,2025-10-29,2025-10,10,Oct,Q4,C054,Customer 54,Varanasi,Wholesaler,P015,Product 15,Hardware,Amit,Pending,2,900.45,1260.85,15,>10%,2521.7,378.26,2143.45,1800.9,342.54,15.98,False,False,False
O00817,2025-12-29,2025-12,12,Dec,Q4,C052,Customer 52,Noida,Wholesaler,P003,Product 3,Plumbing,Sana,Paid,5,2317.76,3103.38,8,6-10%,15516.9,1241.35,14275.55,11588.8,2686.75,18.82,False,False,False
O00818,2025-08-06,2025-08,8,Aug,Q3,C003,Customer 3,Delhi,Retailer,P019,Product 19,Paint,Amit,Paid,5,2226.75,2764.17,15,>10%,13820.85,2073.13,11747.72,11133.75,613.97,5.23,False,False,False
O00819,2025-05-21,2025-05,5,May,Q2,C041,Customer 41,Prayagraj,Corporate,P018,Product 18,Hardware,Imran,Paid,19,2251.01,2590.72,5,1-5%,49223.68,2461.18,46762.5,42769.19,3993.31,8.54,False,False,False
O00820,2025-04-14,2025-04,4,Apr,Q2,C006,Customer 6,Patna,Wholesaler,P008,Product 8,Hardware,Rahul,Paid,12,1423.59,1900.7,10,6-10%,22808.4,2280.84,20527.56,17083.08,3444.48,16.78,False,False,False
O00821,2025-07-29,2025-07,7,Jul,Q3,C025,Customer 25,Varanasi,Retailer,P017,Product 17,Hardware,Rahul,Paid,18,1836.81,2401.71,10,6-10%,43230.78,4323.08,38907.7,33062.58,5845.12,15.02,False,False,False
O00822,2025-04-21,2025-04,4,Apr,Q2,C013,Customer 13,Prayagraj,Corporate,P008,Product 8,Hardware,Sana,Paid,4,1423.59,1900.7,8,6-10%,7602.8,608.22,6994.58,5694.36,1300.22,18.59,False,False,False
O00823,2025-04-14,2025-04,4,Apr,Q2,C008,Customer 8,Delhi,Wholesaler,P007,Product 7,Paint,Rahul,Overdue,17,2057.68,2774.42,15,>10%,47165.14,7074.77,40090.37,34980.56,5109.81,12.75,False,False,False
O00824,2025-11-12,2025-11,11,Nov,Q4,C021,Customer 21,Noida,Retailer,P007,Product 7,Paint,Rahul,Paid,10,2057.68,2774.42,5,1-5%,27744.2,1387.21,26356.99,20576.8,5780.19,21.93,False,False,False
O00825,2025-06-20,2025-06,6,Jun,Q2,C068,Customer 68,Lucknow,Wholesaler,P003,Product 3,Plumbing,Rahul,Pending,20,2317.76,3103.38,0,0%,62067.6,0.0,62067.6,46355.2,15712.4,25.31,False,False,False
O00826,2025-12-22,2025-12,12,Dec,Q4,C025,Customer 25,Varanasi,Retailer,P001,Product 1,Safety,Rahul,Overdue,6,905.38,1016.77,8,6-10%,6100.62,488.05,5612.57,5432.28,180.29,3.21,False,False,False
O00827,2025-11-20,2025-11,11,Nov,Q4,C079,Customer 79,Jaipur,Corporate,P004,Product 4,Hardware,Rahul,Paid,14,2203.16,2471.22,8,6-10%,34597.08,2767.77,31829.31,30844.24,985.07,3.09,False,False,False
O00828,2025-05-13,2025-05,5,May,Q2,C068,Customer 68,Lucknow,Wholesaler,P025,Product 25,Hardware,Imran,Paid,11,1547.56,2055.59,8,6-10%,22611.49,1808.92,20802.57,17023.16,3779.41,18.17,False,False,False
O00829,2025-10-20,2025-10,10,Oct,Q4,C045,Customer 45,Varanasi,Retailer,P005,Product 5,Electrical,Amit,Paid,11,704.22,826.1,2,1-5%,9087.1,181.74,8905.36,7746.42,1158.94,13.01,False,False,False
O00830,2025-11-24,2025-11,11,Nov,Q4,C060,Customer 60,Delhi,Retailer,P001,Product 1,Safety,Neha,Overdue,18,905.38,1016.77,5,1-5%,18301.86,915.09,17386.77,16296.84,1089.93,6.27,False,False,False
O00831,2025-05-07,2025-05,5,May,Q2,C012,Customer 12,Jaipur,Wholesaler,P015,Product 15,Hardware,Rahul,Overdue,18,900.45,1260.85,5,1-5%,22695.3,1134.77,21560.54,16208.1,5352.43,24.83,False,False,False
O00832,2025-04-16,2025-04,4,Apr,Q2,C032,Customer 32,Lucknow,Retailer,P005,Product 5,Electrical,Neha,Paid,11,704.22,826.1,5,1-5%,9087.1,454.36,8632.75,7746.42,886.33,10.27,False,False,False
O00833,2025-04-02,2025-04,4,Apr,Q2,C013,Customer 13,Prayagraj,Corporate,P013,Product 13,Hardware,Neha,Pending,12,2259.01,3086.58,8,6-10%,37038.96,2963.12,34075.84,27108.12,6967.72,20.45,False,False,False
O00834,2025-10-14,2025-10,10,Oct,Q4,C031,Customer 31,Delhi,Wholesaler,P008,Product 8,Hardware,Imran,Paid,5,1423.59,1900.7,8,6-10%,9503.5,760.28,8743.22,7117.95,1625.27,18.59,False,False,False
O00835,2025-02-20,2025-02,2,Feb,Q1,C078,Customer 78,Varanasi,Retailer,P008,Product 8,Hardware,Rahul,Overdue,9,1423.59,1900.7,2,1-5%,17106.3,342.13,16764.17,12812.31,3951.86,23.57,False,False,False
O00836,2025-01-29,2025-01,1,Jan,Q1,C020,Customer 20,Prayagraj,Retailer,P005,Product 5,Electrical,Neha,Overdue,9,704.22,826.1,5,1-5%,7434.9,371.74,7063.16,6337.98,725.18,10.27,False,False,False
O00837,2025-10-23,2025-10,10,Oct,Q4,C018,Customer 18,Patna,Retailer,P009,Product 9,Safety,Rahul,Paid,10,1361.75,1625.94,5,1-5%,16259.4,812.97,15446.43,13617.5,1828.93,11.84,False,False,False
O00838,2025-10-24,2025-10,10,Oct,Q4,C060,Customer 60,Delhi,Retailer,P001,Product 1,Safety,Sana,Paid,19,905.38,1016.77,2,1-5%,19318.63,386.37,18932.26,17202.22,1730.04,9.14,False,False,False
O00839,2025-08-02,2025-08,8,Aug,Q3,C063,Customer 63,Delhi,Retailer,P004,Product 4,Hardware,Sana,Paid,1,2203.16,2471.22,10,6-10%,2471.22,247.12,2224.1,2203.16,20.94,0.94,False,False,False
O00840,2025-09-24,2025-09,9,Sep,Q3,C006,Customer 6,Patna,Wholesaler,P003,Product 3,Plumbing,Sana,Paid,7,2317.76,3103.38,15,>10%,21723.66,3258.55,18465.11,16224.32,2240.79,12.14,False,False,False
O00841,2025-09-14,2025-09,9,Sep,Q3,C032,Customer 32,Lucknow,Retailer,P002,Product 2,Paint,Neha,Pending,4,354.61,409.04,5,1-5%,1636.16,81.81,1554.35,1418.44,135.91,8.74,False,False,False
O00842,2025-10-29,2025-10,10,Oct,Q4,C043,Customer 43,Kanpur,Retailer,P008,Product 8,Hardware,Sana,Paid,1,1423.59,1900.7,10,6-10%,1900.7,190.07,1710.63,1423.59,287.04,16.78,False,False,False
O00843,2025-04-11,2025-04,4,Apr,Q2,C002,Customer 2,Varanasi,Retailer,P023,Product 23,Plumbing,Imran,Paid,15,471.14,588.79,10,6-10%,8831.85,883.18,7948.66,7067.1,881.56,11.09,False,False,False
O00844,2025-12-12,2025-12,12,Dec,Q4,C060,Customer 60,Delhi,Retailer,P009,Product 9,Safety,Imran,Paid,8,1361.75,1625.94,10,6-10%,13007.52,1300.75,11706.77,10894.0,812.77,6.94,False,False,False
O00845,2025-04-20,2025-04,4,Apr,Q2,C023,Customer 23,Kanpur,Corporate,P002,Product 2,Paint,Neha,Overdue,12,354.61,409.04,2,1-5%,4908.48,98.17,4810.31,4255.32,554.99,11.54,False,False,False
O00846,2025-07-01,2025-07,7,Jul,Q3,C031,Customer 31,Delhi,Wholesaler,P014,Product 14,Paint,Rahul,Paid,18,1612.11,2151.17,15,>10%,38721.06,5808.16,32912.9,29017.98,3894.92,11.83,False,False,False
O00847,2025-11-09,2025-11,11,Nov,Q4,C005,Customer 5,Prayagraj,Retailer,P014,Product 14,Paint,Amit,Paid,15,1612.11,2151.17,5,1-5%,32267.55,1613.38,30654.17,24181.65,6472.52,21.11,False,False,False
O00848,2025-01-01,2025-01,1,Jan,Q1,C034,Customer 34,Kanpur,Corporate,P004,Product 4,Hardware,Rahul,Paid,17,2203.16,2471.22,5,1-5%,42010.74,2100.54,39910.2,37453.72,2456.48,6.16,False,False,False
O00849,2025-11-15,2025-11,11,Nov,Q4,C010,Customer 10,Kanpur,Retailer,P006,Product 6,Electrical,Rahul,Overdue,14,1677.16,2182.12,0,0%,30549.68,0.0,30549.68,23480.24,7069.44,23.14,False,False,False
O00850,2025-02-24,2025-02,2,Feb,Q1,C002,Customer 2,Varanasi,Retailer,P011,Product 11,Paint,Rahul,Pending,14,305.31,365.85,5,1-5%,5121.9,256.1,4865.8,4274.34,591.47,12.16,False,False,False
O00851,2025-05-29,2025-05,5,May,Q2,C011,Customer 11,Prayagraj,Corporate,P003,Product 3,Plumbing,Rahul,Paid,18,2317.76,3103.38,0,0%,55860.84,0.0,55860.84,41719.68,14141.16,25.31,False,False,False
O00852,2025-11-05,2025-11,11,Nov,Q4,C050,Customer 50,Noida,Retailer,P008,Product 8,Hardware,Amit,Paid,20,1423.59,1900.7,2,1-5%,38014.0,760.28,37253.72,28471.8,8781.92,23.57,False,False,False
O00853,2025-05-17,2025-05,5,May,Q2,C031,Customer 31,Delhi,Wholesaler,P003,Product 3,Plumbing,Sana,Paid,18,2317.76,3103.38,5,1-5%,55860.84,2793.04,53067.8,41719.68,11348.12,21.38,False,False,False
O00854,2025-07-21,2025-07,7,Jul,Q3,C056,Customer 56,Varanasi,Retailer,P014,Product 14,Paint,Rahul,Paid,16,1612.11,2151.17,10,6-10%,34418.72,3441.87,30976.85,25793.76,5183.09,16.73,False,False,False
O00855,2025-11-09,2025-11,11,Nov,Q4,C079,Customer 79,Jaipur,Corporate,P013,Product 13,Hardware,Imran,Paid,1,2259.01,3086.58,10,6-10%,3086.58,308.66,2777.92,2259.01,518.91,18.68,False,False,False
O00856,2025-04-27,2025-04,4,Apr,Q2,C073,Customer 73,Lucknow,Corporate,P013,Product 13,Hardware,Neha,Overdue,11,2259.01,3086.58,5,1-5%,33952.38,1697.62,32254.76,24849.11,7405.65,22.96,False,False,False
O00857,2025-06-03,2025-06,6,Jun,Q2,C009,Customer 9,Jaipur,Wholesaler,P002,Product 2,Paint,Neha,Paid,15,354.61,409.04,10,6-10%,6135.6,613.56,5522.04,5319.15,202.89,3.67,False,False,False
O00858,2025-10-18,2025-10,10,Oct,Q4,C021,Customer 21,Noida,Retailer,P013,Product 13,Hardware,Imran,Pending,12,2259.01,3086.58,10,6-10%,37038.96,3703.9,33335.06,27108.12,6226.94,18.68,False,False,False
O00859,2025-03-04,2025-03,3,Mar,Q1,C073,Customer 73,Lucknow,Corporate,P019,Product 19,Paint,Rahul,Paid,8,2226.75,2764.17,10,6-10%,22113.36,2211.34,19902.02,17814.0,2088.02,10.49,False,False,False
O00860,2025-09-01,2025-09,9,Sep,Q3,C028,Customer 28,Kanpur,Corporate,P006,Product 6,Electrical,Amit,Pending,20,1677.16,2182.12,0,0%,43642.4,0.0,43642.4,33543.2,10099.2,23.14,False,False,False
O00861,2025-01-25,2025-01,1,Jan,Q1,C062,Customer 62,Jaipur,Wholesaler,P016,Product 16,Plumbing,Sana,Pending,6,925.09,1236.86,8,6-10%,7421.16,593.69,6827.47,5550.54,1276.93,18.7,False,False,False
O00862,2025-03-31,2025-03,3,Mar,Q1,C007,Customer 7,Delhi,Retailer,P002,Product 2,Paint,Neha,Paid,3,354.61,409.04,15,>10%,1227.12,184.07,1043.05,1063.83,-20.78,-1.99,True,False,False
O00863,2025-03-16,2025-03,3,Mar,Q1,C080,Customer 80,Varanasi,Wholesaler,P008,Product 8,Hardware,Sana,Paid,13,1423.59,1900.7,8,6-10%,24709.1,1976.73,22732.37,18506.67,4225.7,18.59,False,False,False
O00864,2025-10-21,2025-10,10,Oct,Q4,C016,Customer 16,Delhi,Corporate,P017,Product 17,Hardware,Amit,Paid,13,1836.81,2401.71,5,1-5%,31222.23,1561.11,29661.12,23878.53,5782.59,19.5,False,False,False
O00865,2025-07-29,2025-07,7,Jul,Q3,C004,Customer 4,Jaipur,Corporate,P023,Product 23,Plumbing,Neha,Paid,2,471.14,588.79,5,1-5%,1177.58,58.88,1118.7,942.28,176.42,15.77,False,False,False
O00866,2025-12-13,2025-12,12,Dec,Q4,C004,Customer 4,Jaipur,Corporate,P002,Product 2,Paint,Sana,Paid,5,354.61,409.04,8,6-10%,2045.2,163.62,1881.58,1773.05,108.53,5.77,False,False,False
O00867,2025-01-17,2025-01,1,Jan,Q1,C040,Customer 40,Prayagraj,Retailer,P010,Product 10,Hardware,Amit,Paid,17,665.28,901.47,5,1-5%,15324.99,766.25,14558.74,11309.76,3248.98,22.32,False,False,False
O00868,2025-05-08,2025-05,5,May,Q2,C017,Customer 17,Varanasi,Retailer,P016,Product 16,Plumbing,Sana,Overdue,6,925.09,1236.86,0,0%,7421.16,0.0,7421.16,5550.54,1870.62,25.21,False,False,False
O00869,2025-12-30,2025-12,12,Dec,Q4,C052,Customer 52,Noida,Wholesaler,P006,Product 6,Electrical,Rahul,Paid,2,1677.16,2182.12,5,1-5%,4364.24,218.21,4146.03,3354.32,791.71,19.1,False,False,False
O00870,2025-09-08,2025-09,9,Sep,Q3,C052,Customer 52,Noida,Wholesaler,P002,Product 2,Paint,Amit,Pending,4,354.61,409.04,10,6-10%,1636.16,163.62,1472.54,1418.44,54.1,3.67,False,False,False
O00871,2025-06-28,2025-06,6,Jun,Q2,C036,Customer 36,Delhi,Wholesaler,P002,Product 2,Paint,Sana,Paid,11,354.61,409.04,10,6-10%,4499.44,449.94,4049.5,3900.71,148.79,3.67,False,False,False
O00872,2025-07-01,2025-07,7,Jul,Q3,C038,Customer 38,Lucknow,Retailer,P013,Product 13,Hardware,Rahul,Pending,8,2259.01,3086.58,0,0%,24692.64,0.0,24692.64,18072.08,6620.56,26.81,False,False,False
O00873,2025-06-01,2025-06,6,Jun,Q2,C050,Customer 50,Noida,Retailer,P024,Product 24,Electrical,Rahul,Paid,12,2254.5,3188.71,15,>10%,38264.52,5739.68,32524.84,27054.0,5470.84,16.82,False,False,False
O00874,2025-01-25,2025-01,1,Jan,Q1,C063,Customer 63,Delhi,Retailer,P015,Product 15,Hardware,Amit,Pending,8,900.45,1260.85,5,1-5%,10086.8,504.34,9582.46,7203.6,2378.86,24.83,False,False,False
O00875,2025-06-29,2025-06,6,Jun,Q2,C063,Customer 63,Delhi,Retailer,P002,Product 2,Paint,Imran,Paid,11,354.61,409.04,8,6-10%,4499.44,359.96,4139.48,3900.71,238.77,5.77,False,False,False
O00876,2025-07-17,2025-07,7,Jul,Q3,C062,Customer 62,Jaipur,Wholesaler,P007,Product 7,Paint,Neha,Paid,20,2057.68,2774.42,10,6-10%,55488.4,5548.84,49939.56,41153.6,8785.96,17.59,False,False,False
O00877,2025-12-10,2025-12,12,Dec,Q4,C007,Customer 7,Delhi,Retailer,P003,Product 3,Plumbing,Amit,Paid,8,2317.76,3103.38,10,6-10%,24827.04,2482.7,22344.34,18542.08,3802.26,17.02,False,False,False
O00878,2025-06-10,2025-06,6,Jun,Q2,C027,Customer 27,Noida,Retailer,P008,Product 8,Hardware,Rahul,Paid,8,1423.59,1900.7,15,>10%,15205.6,2280.84,12924.76,11388.72,1536.04,11.88,False,False,False
O00879,2025-06-26,2025-06,6,Jun,Q2,C014,Customer 14,Prayagraj,Corporate,P023,Product 23,Plumbing,Rahul,Paid,17,471.14,588.79,5,1-5%,10009.43,500.47,9508.96,8009.38,1499.58,15.77,False,False,False
O00880,2025-10-12,2025-10,10,Oct,Q4,C071,Customer 71,Kanpur,Retailer,P014,Product 14,Paint,Amit,Paid,20,1612.11,2151.17,10,6-10%,43023.4,4302.34,38721.06,32242.2,6478.86,16.73,False,False,False
O00881,2025-03-04,2025-03,3,Mar,Q1,C005,Customer 5,Prayagraj,Retailer,P024,Product 24,Electrical,Imran,Paid,20,2254.5,3188.71,0,0%,63774.2,0.0,63774.2,45090.0,18684.2,29.3,False,False,False
O00882,2025-05-30,2025-05,5,May,Q2,C055,Customer 55,Jaipur,Wholesaler,P023,Product 23,Plumbing,Neha,Pending,16,471.14,588.79,8,6-10%,9420.64,753.65,8666.99,7538.24,1128.75,13.02,False,False,False
O00883,2025-06-03,2025-06,6,Jun,Q2,C002,Customer 2,Varanasi,Retailer,P022,Product 22,Electrical,Sana,Paid,14,283.62,408.72,8,6-10%,5722.08,457.77,5264.31,3970.68,1293.63,24.57,False,False,False
O00884,2025-06-05,2025-06,6,Jun,Q2,C062,Customer 62,Jaipur,Wholesaler,P007,Product 7,Paint,Amit,Paid,11,2057.68,2774.42,8,6-10%,30518.62,2441.49,28077.13,22634.48,5442.65,19.38,False,False,False
O00885,2025-02-18,2025-02,2,Feb,Q1,C021,Customer 21,Noida,Retailer,P021,Product 21,Electrical,Neha,Pending,7,1633.72,1961.31,5,1-5%,13729.17,686.46,13042.71,11436.04,1606.67,12.32,False,False,False
O00886,2025-12-03,2025-12,12,Dec,Q4,C079,Customer 79,Jaipur,Corporate,P007,Product 7,Paint,Neha,Paid,16,2057.68,2774.42,10,6-10%,44390.72,4439.07,39951.65,32922.88,7028.77,17.59,False,False,False
O00887,2025-03-25,2025-03,3,Mar,Q1,C021,Customer 21,Noida,Retailer,P001,Product 1,Safety,Rahul,Paid,13,905.38,1016.77,2,1-5%,13218.01,264.36,12953.65,11769.94,1183.71,9.14,False,False,False
O00888,2025-12-27,2025-12,12,Dec,Q4,C010,Customer 10,Kanpur,Retailer,P017,Product 17,Hardware,Sana,Paid,15,1836.81,2401.71,0,0%,36025.65,0.0,36025.65,27552.15,8473.5,23.52,False,False,False
O00889,2025-06-26,2025-06,6,Jun,Q2,C058,Customer 58,Lucknow,Retailer,P009,Product 9,Safety,Amit,Overdue,16,1361.75,1625.94,8,6-10%,26015.04,2081.2,23933.84,21788.0,2145.84,8.97,False,False,False
O00890,2025-05-28,2025-05,5,May,Q2,C039,Customer 39,Lucknow,Retailer,P021,Product 21,Electrical,Rahul,Pending,9,1633.72,1961.31,5,1-5%,17651.79,882.59,16769.2,14703.48,2065.72,12.32,False,False,False
O00891,2025-04-28,2025-04,4,Apr,Q2,C005,Customer 5,Prayagraj,Retailer,P013,Product 13,Hardware,Rahul,Pending,3,2259.01,3086.58,10,6-10%,9259.74,925.97,8333.77,6777.03,1556.74,18.68,False,False,False
O00892,2025-12-08,2025-12,12,Dec,Q4,C065,Customer 65,Jaipur,Corporate,P021,Product 21,Electrical,Imran,Paid,19,1633.72,1961.31,5,1-5%,37264.89,1863.24,35401.65,31040.68,4360.97,12.32,False,False,False
O00893,2025-03-04,2025-03,3,Mar,Q1,C013,Customer 13,Prayagraj,Corporate,P019,Product 19,Paint,Neha,Pending,20,2226.75,2764.17,2,1-5%,55283.4,1105.67,54177.73,44535.0,9642.73,17.8,False,False,False
O00894,2025-07-08,2025-07,7,Jul,Q3,C053,Customer 53,Prayagraj,Wholesaler,P021,Product 21,Electrical,Amit,Paid,5,1633.72,1961.31,10,6-10%,9806.55,980.66,8825.89,8168.6,657.29,7.45,False,False,False
O00895,2025-12-26,2025-12,12,Dec,Q4,C045,Customer 45,Varanasi,Retailer,P019,Product 19,Paint,Amit,Paid,10,2226.75,2764.17,5,1-5%,27641.7,1382.08,26259.62,22267.5,3992.12,15.2,False,False,False
O00896,2025-02-18,2025-02,2,Feb,Q1,C032,Customer 32,Lucknow,Retailer,P025,Product 25,Hardware,Amit,Paid,17,1547.56,2055.59,2,1-5%,34945.03,698.9,34246.13,26308.52,7937.61,23.18,False,False,False
O00897,2025-11-23,2025-11,11,Nov,Q4,C036,Customer 36,Delhi,Wholesaler,P025,Product 25,Hardware,Rahul,Paid,15,1547.56,2055.59,8,6-10%,30833.85,2466.71,28367.14,23213.4,5153.74,18.17,False,False,False
O00898,2025-09-14,2025-09,9,Sep,Q3,C060,Customer 60,Delhi,Retailer,P022,Product 22,Electrical,Imran,Paid,8,283.62,408.72,5,1-5%,3269.76,163.49,3106.27,2268.96,837.31,26.96,False,False,False
O00899,2025-08-12,2025-08,8,Aug,Q3,C011,Customer 11,Prayagraj,Corporate,P017,Product 17,Hardware,Sana,Paid,15,1836.81,2401.71,8,6-10%,36025.65,2882.05,33143.6,27552.15,5591.45,16.87,False,False,False
O00900,2025-05-21,2025-05,5,May,Q2,C063,Customer 63,Delhi,Retailer,P023,Product 23,Plumbing,Rahul,Paid,14,471.14,588.79,5,1-5%,8243.06,412.15,7830.91,6595.96,1234.95,15.77,False,False,False
O00901,2025-08-03,2025-08,8,Aug,Q3,C021,Customer 21,Noida,Retailer,P023,Product 23,Plumbing,Sana,Paid,20,471.14,588.79,10,6-10%,11775.8,1177.58,10598.22,9422.8,1175.42,11.09,False,False,False
O00902,2025-07-30,2025-07,7,Jul,Q3,C052,Customer 52,Noida,Wholesaler,P010,Product 10,Hardware,Imran,Pending,7,665.28,901.47,10,6-10%,6310.29,631.03,5679.26,4656.96,1022.3,18.0,False,False,False
O00903,2025-11-14,2025-11,11,Nov,Q4,C055,Customer 55,Jaipur,Wholesaler,P010,Product 10,Hardware,Neha,Paid,12,665.28,901.47,8,6-10%,10817.64,865.41,9952.23,7983.36,1968.87,19.78,False,False,False
O00904,2025-02-01,2025-02,2,Feb,Q1,C026,Customer 26,Noida,Wholesaler,P004,Product 4,Hardware,Amit,Pending,17,2203.16,2471.22,0,0%,42010.74,0.0,42010.74,37453.72,4557.02,10.85,False,False,False
O00905,2025-06-07,2025-06,6,Jun,Q2,C068,Customer 68,Lucknow,Wholesaler,P008,Product 8,Hardware,Sana,Paid,17,1423.59,1900.7,10,6-10%,32311.9,3231.19,29080.71,24201.03,4879.68,16.78,False,False,False
O00906,2025-10-12,2025-10,10,Oct,Q4,C034,Customer 34,Kanpur,Corporate,P022,Product 22,Electrical,Rahul,Pending,10,283.62,408.72,8,6-10%,4087.2,326.98,3760.22,2836.2,924.02,24.57,False,False,False
O00907,2025-11-01,2025-11,11,Nov,Q4,C052,Customer 52,Noida,Wholesaler,P020,Product 20,Paint,Sana,Paid,19,1967.3,2375.55,8,6-10%,45135.45,3610.84,41524.61,37378.7,4145.91,9.98,False,False,False
O00908,2025-10-13,2025-10,10,Oct,Q4,C052,Customer 52,Noida,Wholesaler,P020,Product 20,Paint,Neha,Paid,14,1967.3,2375.55,5,1-5%,33257.7,1662.88,31594.82,27542.2,4052.62,12.83,False,False,False
O00909,2025-05-24,2025-05,5,May,Q2,C029,Customer 29,Patna,Retailer,P018,Product 18,Hardware,Amit,Paid,11,2251.01,2590.72,10,6-10%,28497.92,2849.79,25648.13,24761.11,887.02,3.46,False,False,False
O00910,2025-01-19,2025-01,1,Jan,Q1,C038,Customer 38,Lucknow,Retailer,P014,Product 14,Paint,Sana,Paid,2,1612.11,2151.17,8,6-10%,4302.34,344.19,3958.15,3224.22,733.93,18.54,False,False,False
O00911,2025-01-18,2025-01,1,Jan,Q1,C042,Customer 42,Jaipur,Wholesaler,P018,Product 18,Hardware,Neha,Pending,18,2251.01,2590.72,0,0%,46632.96,0.0,46632.96,40518.18,6114.78,13.11,False,False,False
O00912,2025-09-14,2025-09,9,Sep,Q3,C021,Customer 21,Noida,Retailer,P014,Product 14,Paint,Rahul,Paid,7,1612.11,2151.17,5,1-5%,15058.19,752.91,14305.28,11284.77,3020.51,21.11,False,False,False
O00913,2025-03-19,2025-03,3,Mar,Q1,C042,Customer 42,Jaipur,Wholesaler,P020,Product 20,Paint,Imran,Paid,12,1967.3,2375.55,10,6-10%,28506.6,2850.66,25655.94,23607.6,2048.34,7.98,False,False,False
O00914,2025-06-24,2025-06,6,Jun,Q2,C013,Customer 13,Prayagraj,Corporate,P021,Product 21,Electrical,Rahul,Pending,2,1633.72,1961.31,0,0%,3922.62,0.0,3922.62,3267.44,655.18,16.7,False,False,False
O00915,2025-07-13,2025-07,7,Jul,Q3,C064,Customer 64,Lucknow,Wholesaler,P024,Product 24,Electrical,Amit,Paid,20,2254.5,3188.71,15,>10%,63774.2,9566.13,54208.07,45090.0,9118.07,16.82,False,False,False
O00916,2025-04-23,2025-04,4,Apr,Q2,C017,Customer 17,Varanasi,Retailer,P015,Product 15,Hardware,Rahul,Paid,18,900.45,1260.85,8,6-10%,22695.3,1815.62,20879.68,16208.1,4671.58,22.37,False,False,False
O00917,2025-04-24,2025-04,4,Apr,Q2,C009,Customer 9,Jaipur,Wholesaler,P022,Product 22,Electrical,Rahul,Paid,6,283.62,408.72,8,6-10%,2452.32,196.19,2256.13,1701.72,554.41,24.57,False,False,False
O00918,2025-08-10,2025-08,8,Aug,Q3,C041,Customer 41,Prayagraj,Corporate,P004,Product 4,Hardware,Rahul,Paid,10,2203.16,2471.22,5,1-5%,24712.2,1235.61,23476.59,22031.6,1444.99,6.16,False,False,False
O00919,2025-06-15,2025-06,6,Jun,Q2,C001,Customer 1,Jaipur,Retailer,P013,Product 13,Hardware,Rahul,Paid,20,2259.01,3086.58,2,1-5%,61731.6,1234.63,60496.97,45180.2,15316.77,25.32,False,False,False
O00920,2025-11-15,2025-11,11,Nov,Q4,C002,Customer 2,Varanasi,Retailer,P023,Product 23,Plumbing,Amit,Paid,15,471.14,588.79,15,>10%,8831.85,1324.78,7507.07,7067.1,439.97,5.86,False,False,False
O00921,2025-05-12,2025-05,5,May,Q2,C060,Customer 60,Delhi,Retailer,P008,Product 8,Hardware,Neha,Overdue,5,1423.59,1900.7,5,1-5%,9503.5,475.18,9028.33,7117.95,1910.38,21.16,False,False,False
O00922,2025-09-21,2025-09,9,Sep,Q3,C048,Customer 48,Jaipur,Wholesaler,P018,Product 18,Hardware,Sana,Paid,20,2251.01,2590.72,10,6-10%,51814.4,5181.44,46632.96,45020.2,1612.76,3.46,False,False,False
O00923,2025-02-24,2025-02,2,Feb,Q1,C029,Customer 29,Patna,Retailer,P012,Product 12,Paint,Imran,Paid,3,2251.26,2763.16,5,1-5%,8289.48,414.47,7875.01,6753.78,1121.23,14.24,False,False,False
O00924,2025-12-25,2025-12,12,Dec,Q4,C010,Customer 10,Kanpur,Retailer,P023,Product 23,Plumbing,Sana,Paid,5,471.14,588.79,0,0%,2943.95,0.0,2943.95,2355.7,588.25,19.98,False,False,False
O00925,2025-05-11,2025-05,5,May,Q2,C058,Customer 58,Lucknow,Retailer,P014,Product 14,Paint,Sana,Overdue,8,1612.11,2151.17,0,0%,17209.36,0.0,17209.36,12896.88,4312.48,25.06,False,False,False
O00926,2025-10-15,2025-10,10,Oct,Q4,C060,Customer 60,Delhi,Retailer,P002,Product 2,Paint,Imran,Pending,8,354.61,409.04,5,1-5%,3272.32,163.62,3108.7,2836.88,271.82,8.74,False,False,False
O00927,2025-09-23,2025-09,9,Sep,Q3,C021,Customer 21,Noida,Retailer,P018,Product 18,Hardware,Amit,Paid,8,2251.01,2590.72,15,>10%,20725.76,3108.86,17616.9,18008.08,-391.18,-2.22,True,False,False
O00928,2025-06-11,2025-06,6,Jun,Q2,C028,Customer 28,Kanpur,Corporate,P024,Product 24,Electrical,Imran,Pending,12,2254.5,3188.71,5,1-5%,38264.52,1913.23,36351.29,27054.0,9297.29,25.58,False,False,False
O00929,2025-03-28,2025-03,3,Mar,Q1,C075,Customer 75,Delhi,Wholesaler,P002,Product 2,Paint,Amit,Paid,8,354.61,409.04,5,1-5%,3272.32,163.62,3108.7,2836.88,271.82,8.74,False,False,False
O00930,2025-02-24,2025-02,2,Feb,Q1,C034,Customer 34,Kanpur,Corporate,P011,Product 11,Paint,Sana,Paid,11,305.31,365.85,5,1-5%,4024.35,201.22,3823.13,3358.41,464.72,12.16,False,False,False
O00931,2025-10-15,2025-10,10,Oct,Q4,C008,Customer 8,Delhi,Wholesaler,P009,Product 9,Safety,Amit,Paid,14,1361.75,1625.94,5,1-5%,22763.16,1138.16,21625.0,19064.5,2560.5,11.84,False,False,False
O00932,2025-06-27,2025-06,6,Jun,Q2,C059,Customer 59,Prayagraj,Retailer,P012,Product 12,Paint,Neha,Paid,8,2251.26,2763.16,5,1-5%,22105.28,1105.26,21000.02,18010.08,2989.94,14.24,False,False,False
O00933,2025-12-15,2025-12,12,Dec,Q4,C072,Customer 72,Kanpur,Retailer,P017,Product 17,Hardware,Imran,Paid,10,1836.81,2401.71,10,6-10%,24017.1,2401.71,21615.39,18368.1,3247.29,15.02,False,False,False
O00934,2025-01-08,2025-01,1,Jan,Q1,C049,Customer 49,Noida,Corporate,P015,Product 15,Hardware,Neha,Overdue,7,900.45,1260.85,5,1-5%,8825.95,441.3,8384.65,6303.15,2081.5,24.83,False,False,False
O00935,2025-11-17,2025-11,11,Nov,Q4,C079,Customer 79,Jaipur,Corporate,P025,Product 25,Hardware,Sana,Paid,17,1547.56,2055.59,5,1-5%,34945.03,1747.25,33197.78,26308.52,6889.26,20.75,False,False,False
O00936,2025-11-09,2025-11,11,Nov,Q4,C017,Customer 17,Varanasi,Retailer,P017,Product 17,Hardware,Imran,Overdue,4,1836.81,2401.71,0,0%,9606.84,0.0,9606.84,7347.24,2259.6,23.52,False,False,False
O00937,2025-09-04,2025-09,9,Sep,Q3,C060,Customer 60,Delhi,Retailer,P018,Product 18,Hardware,Sana,Paid,13,2251.01,2590.72,15,>10%,33679.36,5051.9,28627.46,29263.13,-635.67,-2.22,True,False,False
O00938,2025-11-19,2025-11,11,Nov,Q4,C045,Customer 45,Varanasi,Retailer,P022,Product 22,Electrical,Neha,Paid,4,283.62,408.72,2,1-5%,1634.88,32.7,1602.18,1134.48,467.7,29.19,False,False,False
O00939,2025-09-12,2025-09,9,Sep,Q3,C069,Customer 69,Varanasi,Retailer,P006,Product 6,Electrical,Sana,Paid,5,1677.16,2182.12,0,0%,10910.6,0.0,10910.6,8385.8,2524.8,23.14,False,False,False
O00940,2025-11-24,2025-11,11,Nov,Q4,C032,Customer 32,Lucknow,Retailer,P017,Product 17,Hardware,Imran,Paid,4,1836.81,2401.71,8,6-10%,9606.84,768.55,8838.29,7347.24,1491.05,16.87,False,False,False
O00941,2025-02-23,2025-02,2,Feb,Q1,C044,Customer 44,Patna,Retailer,P023,Product 23,Plumbing,Imran,Paid,18,471.14,588.79,8,6-10%,10598.22,847.86,9750.36,8480.52,1269.84,13.02,False,False,False
O00942,2025-09-06,2025-09,9,Sep,Q3,C065,Customer 65,Jaipur,Corporate,P024,Product 24,Electrical,Sana,Paid,6,2254.5,3188.71,5,1-5%,19132.26,956.61,18175.65,13527.0,4648.65,25.58,False,False,False
O00943,2025-08-27,2025-08,8,Aug,Q3,C008,Customer 8,Delhi,Wholesaler,P018,Product 18,Hardware,Imran,Paid,2,2251.01,2590.72,5,1-5%,5181.44,259.07,4922.37,4502.02,420.35,8.54,False,False,False
O00944,2025-08-17,2025-08,8,Aug,Q3,C077,Customer 77,Varanasi,Corporate,P008,Product 8,Hardware,Imran,Paid,11,1423.59,1900.7,10,6-10%,20907.7,2090.77,18816.93,15659.49,3157.44,16.78,False,False,False
O00945,2025-03-08,2025-03,3,Mar,Q1,C072,Customer 72,Kanpur,Retailer,P009,Product 9,Safety,Sana,Pending,14,1361.75,1625.94,2,1-5%,22763.16,455.26,22307.9,19064.5,3243.4,14.54,False,False,False
O00946,2025-02-20,2025-02,2,Feb,Q1,C043,Customer 43,Kanpur,Retailer,P006,Product 6,Electrical,Neha,Paid,5,1677.16,2182.12,10,6-10%,10910.6,1091.06,9819.54,8385.8,1433.74,14.6,False,False,False
O00947,2025-04-07,2025-04,4,Apr,Q2,C001,Customer 1,Jaipur,Retailer,P005,Product 5,Electrical,Imran,Paid,6,704.22,826.1,8,6-10%,4956.6,396.53,4560.07,4225.32,334.75,7.34,False,False,False
O00948,2025-04-02,2025-04,4,Apr,Q2,C051,Customer 51,Jaipur,Retailer,P012,Product 12,Paint,Imran,Paid,10,2251.26,2763.16,5,1-5%,27631.6,1381.58,26250.02,22512.6,3737.42,14.24,False,False,False
O00949,2025-09-21,2025-09,9,Sep,Q3,C024,Customer 24,Patna,Retailer,P025,Product 25,Hardware,Imran,Overdue,8,1547.56,2055.59,5,1-5%,16444.72,822.24,15622.48,12380.48,3242.0,20.75,False,False,False
O00950,2025-10-18,2025-10,10,Oct,Q4,C024,Customer 24,Patna,Retailer,P011,Product 11,Paint,Imran,Pending,14,305.31,365.85,5,1-5%,5121.9,256.1,4865.8,4274.34,591.47,12.16,False,False,False
O00951,2025-04-06,2025-04,4,Apr,Q2,C017,Customer 17,Varanasi,Retailer,P025,Product 25,Hardware,Sana,Paid,3,1547.56,2055.59,10,6-10%,6166.77,616.68,5550.09,4642.68,907.41,16.35,False,False,False
O00952,2025-03-29,2025-03,3,Mar,Q1,C005,Customer 5,Prayagraj,Retailer,P001,Product 1,Safety,Neha,Paid,12,905.38,1016.77,5,1-5%,12201.24,610.06,11591.18,10864.56,726.62,6.27,False,False,False
O00953,2025-03-19,2025-03,3,Mar,Q1,C020,Customer 20,Prayagraj,Retailer,P011,Product 11,Paint,Neha,Paid,16,305.31,365.85,5,1-5%,5853.6,292.68,5560.92,4884.96,675.96,12.16,False,False,False
O00954,2025-10-15,2025-10,10,Oct,Q4,C021,Customer 21,Noida,Retailer,P019,Product 19,Paint,Amit,Overdue,17,2226.75,2764.17,8,6-10%,46990.89,3759.27,43231.62,37854.75,5376.87,12.44,False,False,False
O00955,2025-04-30,2025-04,4,Apr,Q2,C058,Customer 58,Lucknow,Retailer,P009,Product 9,Safety,Imran,Paid,1,1361.75,1625.94,15,>10%,1625.94,243.89,1382.05,1361.75,20.3,1.47,False,False,False
O00956,2025-10-29,2025-10,10,Oct,Q4,C031,Customer 31,Delhi,Wholesaler,P002,Product 2,Paint,Imran,Paid,10,354.61,409.04,5,1-5%,4090.4,204.52,3885.88,3546.1,339.78,8.74,False,False,False
O00957,2025-06-14,2025-06,6,Jun,Q2,C011,Customer 11,Prayagraj,Corporate,P012,Product 12,Paint,Amit,Paid,10,2251.26,2763.16,15,>10%,27631.6,4144.74,23486.86,22512.6,974.26,4.15,False,False,False
O00958,2025-07-01,2025-07,7,Jul,Q3,C052,Customer 52,Noida,Wholesaler,P004,Product 4,Hardware,Neha,Paid,2,2203.16,2471.22,5,1-5%,4942.44,247.12,4695.32,4406.32,289.0,6.16,False,False,False
O00959,2025-08-11,2025-08,8,Aug,Q3,C015,Customer 15,Patna,Wholesaler,P004,Product 4,Hardware,Rahul,Overdue,9,2203.16,2471.22,0,0%,22240.98,0.0,22240.98,19828.44,2412.54,10.85,False,False,False
O00960,2025-11-07,2025-11,11,Nov,Q4,C007,Customer 7,Delhi,Retailer,P018,Product 18,Hardware,Rahul,Paid,13,2251.01,2590.72,2,1-5%,33679.36,673.59,33005.77,29263.13,3742.64,11.34,False,False,False
O00961,2025-01-07,2025-01,1,Jan,Q1,C028,Customer 28,Kanpur,Corporate,P015,Product 15,Hardware,Neha,Paid,16,900.45,1260.85,5,1-5%,20173.6,1008.68,19164.92,14407.2,4757.72,24.83,False,False,False
O00962,2025-11-26,2025-11,11,Nov,Q4,C051,Customer 51,Jaipur,Retailer,P019,Product 19,Paint,Imran,Paid,18,2226.75,2764.17,2,1-5%,49755.06,995.1,48759.96,40081.5,8678.46,17.8,False,False,False
O00963,2025-09-20,2025-09,9,Sep,Q3,C058,Customer 58,Lucknow,Retailer,P013,Product 13,Hardware,Rahul,Pending,19,2259.01,3086.58,0,0%,58645.02,0.0,58645.02,42921.19,15723.83,26.81,False,False,False
O00964,2025-06-10,2025-06,6,Jun,Q2,C005,Customer 5,Prayagraj,Retailer,P019,Product 19,Paint,Sana,Pending,12,2226.75,2764.17,15,>10%,33170.04,4975.51,28194.53,26721.0,1473.53,5.23,False,False,False
O00965,2025-05-31,2025-05,5,May,Q2,C005,Customer 5,Prayagraj,Retailer,P017,Product 17,Hardware,Sana,Paid,8,1836.81,2401.71,10,6-10%,19213.68,1921.37,17292.31,14694.48,2597.83,15.02,False,False,False
O00966,2025-03-26,2025-03,3,Mar,Q1,C008,Customer 8,Delhi,Wholesaler,P006,Product 6,Electrical,Amit,Paid,17,1677.16,2182.12,8,6-10%,37096.04,2967.68,34128.36,28511.72,5616.64,16.46,False,False,False
O00967,2025-05-27,2025-05,5,May,Q2,C064,Customer 64,Lucknow,Wholesaler,P016,Product 16,Plumbing,Neha,Pending,15,925.09,1236.86,2,1-5%,18552.9,371.06,18181.84,13876.35,4305.49,23.68,False,False,False
O00968,2025-04-22,2025-04,4,Apr,Q2,C010,Customer 10,Kanpur,Retailer,P024,Product 24,Electrical,Neha,Paid,10,2254.5,3188.71,0,0%,31887.1,0.0,31887.1,22545.0,9342.1,29.3,False,False,False
O00969,2025-02-05,2025-02,2,Feb,Q1,C038,Customer 38,Lucknow,Retailer,P012,Product 12,Paint,Rahul,Paid,15,2251.26,2763.16,0,0%,41447.4,0.0,41447.4,33768.9,7678.5,18.53,False,False,False
O00970,2025-10-12,2025-10,10,Oct,Q4,C008,Customer 8,Delhi,Wholesaler,P019,Product 19,Paint,Imran,Paid,15,2226.75,2764.17,8,6-10%,41462.55,3317.0,38145.55,33401.25,4744.3,12.44,False,False,False
O00971,2025-07-07,2025-07,7,Jul,Q3,C025,Customer 25,Varanasi,Retailer,P005,Product 5,Electrical,Neha,Overdue,7,704.22,826.1,15,>10%,5782.7,867.4,4915.3,4929.54,-14.24,-0.29,True,False,False
O00972,2025-03-23,2025-03,3,Mar,Q1,C073,Customer 73,Lucknow,Corporate,P017,Product 17,Hardware,Rahul,Paid,13,1836.81,2401.71,5,1-5%,31222.23,1561.11,29661.12,23878.53,5782.59,19.5,False,False,False
O00973,2025-01-02,2025-01,1,Jan,Q1,C066,Customer 66,Kanpur,Retailer,P023,Product 23,Plumbing,Rahul,Pending,17,471.14,588.79,0,0%,10009.43,0.0,10009.43,8009.38,2000.05,19.98,False,False,False
O00974,2025-10-30,2025-10,10,Oct,Q4,C079,Customer 79,Jaipur,Corporate,P001,Product 1,Safety,Neha,Pending,9,905.38,1016.77,5,1-5%,9150.93,457.55,8693.38,8148.42,544.96,6.27,False,False,False
O00975,2025-07-16,2025-07,7,Jul,Q3,C050,Customer 50,Noida,Retailer,P025,Product 25,Hardware,Rahul,Paid,8,1547.56,2055.59,5,1-5%,16444.72,822.24,15622.48,12380.48,3242.0,20.75,False,False,False
O00976,2025-01-11,2025-01,1,Jan,Q1,C067,Customer 67,Varanasi,Retailer,P024,Product 24,Electrical,Amit,Paid,20,2254.5,3188.71,5,1-5%,63774.2,3188.71,60585.49,45090.0,15495.49,25.58,False,False,False
O00977,2025-08-22,2025-08,8,Aug,Q3,C049,Customer 49,Noida,Corporate,P023,Product 23,Plumbing,Amit,Paid,18,471.14,588.79,8,6-10%,10598.22,847.86,9750.36,8480.52,1269.84,13.02,False,False,False
O00978,2025-07-14,2025-07,7,Jul,Q3,C036,Customer 36,Delhi,Wholesaler,P010,Product 10,Hardware,Neha,Paid,13,665.28,901.47,8,6-10%,11719.11,937.53,10781.58,8648.64,2132.94,19.78,False,False,False
O00979,2025-04-29,2025-04,4,Apr,Q2,C068,Customer 68,Lucknow,Wholesaler,P015,Product 15,Hardware,Imran,Paid,16,900.45,1260.85,0,0%,20173.6,0.0,20173.6,14407.2,5766.4,28.58,False,False,False
O00980,2025-01-20,2025-01,1,Jan,Q1,C078,Customer 78,Varanasi,Retailer,P023,Product 23,Plumbing,Amit,Paid,9,471.14,588.79,0,0%,5299.11,0.0,5299.11,4240.26,1058.85,19.98,False,False,False
O00981,2025-09-18,2025-09,9,Sep,Q3,C041,Customer 41,Prayagraj,Corporate,P021,Product 21,Electrical,Amit,Pending,12,1633.72,1961.31,15,>10%,23535.72,3530.36,20005.36,19604.64,400.72,2.0,False,False,False
O00982,2025-10-20,2025-10,10,Oct,Q4,C062,Customer 62,Jaipur,Wholesaler,P021,Product 21,Electrical,Neha,Overdue,12,1633.72,1961.31,2,1-5%,23535.72,470.71,23065.01,19604.64,3460.37,15.0,False,False,False
O00983,2025-09-13,2025-09,9,Sep,Q3,C010,Customer 10,Kanpur,Retailer,P011,Product 11,Paint,Sana,Paid,6,305.31,365.85,0,0%,2195.1,0.0,2195.1,1831.86,363.24,16.55,False,False,False
O00984,2025-08-10,2025-08,8,Aug,Q3,C021,Customer 21,Noida,Retailer,P013,Product 13,Hardware,Rahul,Paid,19,2259.01,3086.58,2,1-5%,58645.02,1172.9,57472.12,42921.19,14550.93,25.32,False,False,False
O00985,2025-08-14,2025-08,8,Aug,Q3,C036,Customer 36,Delhi,Wholesaler,P005,Product 5,Electrical,Amit,Paid,7,704.22,826.1,0,0%,5782.7,0.0,5782.7,4929.54,853.16,14.75,False,False,False
O00986,2025-02-22,2025-02,2,Feb,Q1,C012,Customer 12,Jaipur,Wholesaler,P001,Product 1,Safety,Sana,Pending,3,905.38,1016.77,5,1-5%,3050.31,152.52,2897.79,2716.14,181.65,6.27,False,False,False
O00987,2025-12-21,2025-12,12,Dec,Q4,C002,Customer 2,Varanasi,Retailer,P024,Product 24,Electrical,Imran,Pending,16,2254.5,3188.71,10,6-10%,51019.36,5101.94,45917.42,36072.0,9845.42,21.44,False,False,False
O00988,2025-12-08,2025-12,12,Dec,Q4,C013,Customer 13,Prayagraj,Corporate,P012,Product 12,Paint,Sana,Paid,18,2251.26,2763.16,5,1-5%,49736.88,2486.84,47250.04,40522.68,6727.36,14.24,False,False,False
O00989,2025-12-30,2025-12,12,Dec,Q4,C053,Customer 53,Prayagraj,Wholesaler,P011,Product 11,Paint,Neha,Paid,16,305.31,365.85,5,1-5%,5853.6,292.68,5560.92,4884.96,675.96,12.16,False,False,False
O00990,2025-10-07,2025-10,10,Oct,Q4,C032,Customer 32,Lucknow,Retailer,P017,Product 17,Hardware,Imran,Pending,7,1836.81,2401.71,8,6-10%,16811.97,1344.96,15467.01,12857.67,2609.34,16.87,False,False,False
O00991,2025-03-22,2025-03,3,Mar,Q1,C016,Customer 16,Delhi,Corporate,P004,Product 4,Hardware,Imran,Paid,4,2203.16,2471.22,5,1-5%,9884.88,494.24,9390.64,8812.64,578.0,6.16,False,False,False
O00992,2025-07-21,2025-07,7,Jul,Q3,C032,Customer 32,Lucknow,Retailer,P015,Product 15,Hardware,Sana,Paid,8,900.45,1260.85,10,6-10%,10086.8,1008.68,9078.12,7203.6,1874.52,20.65,False,False,False
O00993,2025-06-07,2025-06,6,Jun,Q2,C032,Customer 32,Lucknow,Retailer,P025,Product 25,Hardware,Neha,Paid,13,1547.56,2055.59,10,6-10%,26722.67,2672.27,24050.4,20118.28,3932.12,16.35,False,False,False
O00994,2025-04-30,2025-04,4,Apr,Q2,C011,Customer 11,Prayagraj,Corporate,P009,Product 9,Safety,Amit,Paid,13,1361.75,1625.94,0,0%,21137.22,0.0,21137.22,17702.75,3434.47,16.25,False,False,False
O00995,2025-02-28,2025-02,2,Feb,Q1,C010,Customer 10,Kanpur,Retailer,P021,Product 21,Electrical,Sana,Paid,17,1633.72,1961.31,10,6-10%,33342.27,3334.23,30008.04,27773.24,2234.8,7.45,False,False,False
O00996,2025-08-03,2025-08,8,Aug,Q3,C015,Customer 15,Patna,Wholesaler,P020,Product 20,Paint,Amit,Pending,17,1967.3,2375.55,5,1-5%,40384.35,2019.22,38365.13,33444.1,4921.03,12.83,False,False,False
O00997,2025-05-08,2025-05,5,May,Q2,C017,Customer 17,Varanasi,Retailer,P019,Product 19,Paint,Sana,Pending,5,2226.75,2764.17,15,>10%,13820.85,2073.13,11747.72,11133.75,613.97,5.23,False,False,False
O00998,2025-08-12,2025-08,8,Aug,Q3,C040,Customer 40,Prayagraj,Retailer,P019,Product 19,Paint,Amit,Paid,6,2226.75,2764.17,5,1-5%,16585.02,829.25,15755.77,13360.5,2395.27,15.2,False,False,False
O00999,2025-07-28,2025-07,7,Jul,Q3,C018,Customer 18,Patna,Retailer,P012,Product 12,Paint,Sana,Overdue,19,2251.26,2763.16,15,>10%,52500.04,7875.01,44625.03,42773.94,1851.09,4.15,False,False,False
O01000,2025-04-25,2025-04,4,Apr,Q2,C055,Customer 55,Jaipur,Wholesaler,P005,Product 5,Electrical,Imran,Paid,13,704.22,826.1,10,6-10%,10739.3,1073.93,9665.37,9154.86,510.51,5.28,False,False,False
O01001,2025-07-28,2025-07,7,Jul,Q3,C073,Customer 73,Lucknow,Corporate,P010,Product 10,Hardware,Rahul,Pending,14,665.28,901.47,2,1-5%,12620.58,252.41,12368.17,9313.92,3054.25,24.69,False,False,False
O01002,2025-01-14,2025-01,1,Jan,Q1,C025,Customer 25,Varanasi,Retailer,P017,Product 17,Hardware,Imran,Paid,4,1836.81,2401.71,5,1-5%,9606.84,480.34,9126.5,7347.24,1779.26,19.5,False,False,False
O01003,2025-01-09,2025-01,1,Jan,Q1,C059,Customer 59,Prayagraj,Retailer,P005,Product 5,Electrical,Amit,Pending,7,704.22,826.1,15,>10%,5782.7,867.4,4915.3,4929.54,-14.24,-0.29,True,False,False
O01004,2025-02-09,2025-02,2,Feb,Q1,C078,Customer 78,Varanasi,Retailer,P022,Product 22,Electrical,Neha,Overdue,8,283.62,408.72,10,6-10%,3269.76,326.98,2942.78,2268.96,673.82,22.9,False,False,False
O01005,2025-08-25,2025-08,8,Aug,Q3,C022,Customer 22,Delhi,Retailer,P016,Product 16,Plumbing,Imran,Paid,13,925.09,1236.86,0,0%,16079.18,0.0,16079.18,12026.17,4053.01,25.21,False,False,False
O01006,2025-10-08,2025-10,10,Oct,Q4,C030,Customer 30,Varanasi,Corporate,P007,Product 7,Paint,Rahul,Overdue,6,2057.68,2774.42,8,6-10%,16646.52,1331.72,15314.8,12346.08,2968.72,19.38,False,False,False
O01007,2025-12-25,2025-12,12,Dec,Q4,C044,Customer 44,Patna,Retailer,P009,Product 9,Safety,Amit,Pending,6,1361.75,1625.94,5,1-5%,9755.64,487.78,9267.86,8170.5,1097.36,11.84,False,False,False
O01008,2025-07-20,2025-07,7,Jul,Q3,C032,Customer 32,Lucknow,Retailer,P003,Product 3,Plumbing,Imran,Pending,3,2317.76,3103.38,0,0%,9310.14,0.0,9310.14,6953.28,2356.86,25.31,False,False,False
O01009,2025-09-03,2025-09,9,Sep,Q3,C051,Customer 51,Jaipur,Retailer,P015,Product 15,Hardware,Sana,Paid,3,900.45,1260.85,5,1-5%,3782.55,189.13,3593.42,2701.35,892.07,24.83,False,False,False
O01010,2025-10-05,2025-10,10,Oct,Q4,C046,Customer 46,Varanasi,Retailer,P016,Product 16,Plumbing,Neha,Pending,13,925.09,1236.86,2,1-5%,16079.18,321.58,15757.6,12026.17,3731.43,23.68,False,False,False
O01011,2025-08-23,2025-08,8,Aug,Q3,C021,Customer 21,Noida,Retailer,P018,Product 18,Hardware,Amit,Pending,2,2251.01,2590.72,10,6-10%,5181.44,518.14,4663.3,4502.02,161.28,3.46,False,False,False
O01012,2025-01-04,2025-01,1,Jan,Q1,C032,Customer 32,Lucknow,Retailer,P014,Product 14,Paint,Imran,Paid,16,1612.11,2151.17,5,1-5%,34418.72,1720.94,32697.78,25793.76,6904.02,21.11,False,False,False
O01013,2025-06-03,2025-06,6,Jun,Q2,C039,Customer 39,Lucknow,Retailer,P003,Product 3,Plumbing,Amit,Overdue,6,2317.76,3103.38,10,6-10%,18620.28,1862.03,16758.25,13906.56,2851.69,17.02,False,False,False
O01014,2025-01-29,2025-01,1,Jan,Q1,C012,Customer 12,Jaipur,Wholesaler,P012,Product 12,Paint,Sana,Paid,8,2251.26,2763.16,0,0%,22105.28,0.0,22105.28,18010.08,4095.2,18.53,False,False,False
O01015,2025-04-19,2025-04,4,Apr,Q2,C047,Customer 47,Patna,Wholesaler,P009,Product 9,Safety,Rahul,Paid,8,1361.75,1625.94,5,1-5%,13007.52,650.38,12357.14,10894.0,1463.14,11.84,False,False,False
O01016,2025-04-08,2025-04,4,Apr,Q2,C018,Customer 18,Patna,Retailer,P007,Product 7,Paint,Imran,Paid,6,2057.68,2774.42,2,1-5%,16646.52,332.93,16313.59,12346.08,3967.51,24.32,False,False,False
O01017,2025-08-03,2025-08,8,Aug,Q3,C021,Customer 21,Noida,Retailer,P009,Product 9,Safety,Amit,Paid,14,1361.75,1625.94,2,1-5%,22763.16,455.26,22307.9,19064.5,3243.4,14.54,False,False,False
O01018,2025-10-20,2025-10,10,Oct,Q4,C013,Customer 13,Prayagraj,Corporate,P013,Product 13,Hardware,Amit,Paid,3,2259.01,3086.58,0,0%,9259.74,0.0,9259.74,6777.03,2482.71,26.81,False,False,False
O01019,2025-03-16,2025-03,3,Mar,Q1,C021,Customer 21,Noida,Retailer,P018,Product 18,Hardware,Amit,Paid,10,2251.01,2590.72,2,1-5%,25907.2,518.14,25389.06,22510.1,2878.96,11.34,False,False,False
O01020,2025-11-22,2025-11,11,Nov,Q4,C008,Customer 8,Delhi,Wholesaler,P005,Product 5,Electrical,Rahul,Overdue,3,704.22,826.1,8,6-10%,2478.3,198.26,2280.04,2112.66,167.38,7.34,False,False,False
O01021,2025-05-26,2025-05,5,May,Q2,C046,Customer 46,Varanasi,Retailer,P013,Product 13,Hardware,Amit,Paid,12,2259.01,3086.58,5,1-5%,37038.96,1851.95,35187.01,27108.12,8078.89,22.96,False,False,False
O01022,2025-05-08,2025-05,5,May,Q2,C007,Customer 7,Delhi,Retailer,P004,Product 4,Hardware,Neha,Paid,17,2203.16,2471.22,5,1-5%,42010.74,2100.54,39910.2,37453.72,2456.48,6.16,False,False,False
O01023,2025-12-07,2025-12,12,Dec,Q4,C023,Customer 23,Kanpur,Corporate,P002,Product 2,Paint,Neha,Paid,5,354.61,409.04,5,1-5%,2045.2,102.26,1942.94,1773.05,169.89,8.74,False,False,False
O01024,2025-02-11,2025-02,2,Feb,Q1,C075,Customer 75,Delhi,Wholesaler,P016,Product 16,Plumbing,Amit,Paid,20,925.09,1236.86,10,6-10%,24737.2,2473.72,22263.48,18501.8,3761.68,16.9,False,False,False
O01025,2025-12-22,2025-12,12,Dec,Q4,C022,Customer 22,Delhi,Retailer,P009,Product 9,Safety,Neha,Overdue,9,1361.75,1625.94,15,>10%,14633.46,2195.02,12438.44,12255.75,182.69,1.47,False,False,False
O01026,2025-02-10,2025-02,2,Feb,Q1,C022,Customer 22,Delhi,Retailer,P009,Product 9,Safety,Imran,Paid,20,1361.75,1625.94,5,1-5%,32518.8,1625.94,30892.86,27235.0,3657.86,11.84,False,False,False
O01027,2025-02-03,2025-02,2,Feb,Q1,C029,Customer 29,Patna,Retailer,P006,Product 6,Electrical,Neha,Pending,7,1677.16,2182.12,5,1-5%,15274.84,763.74,14511.1,11740.12,2770.98,19.1,False,False,False
O01028,2025-01-17,2025-01,1,Jan,Q1,C013,Customer 13,Prayagraj,Corporate,P011,Product 11,Paint,Amit,Paid,4,305.31,365.85,0,0%,1463.4,0.0,1463.4,1221.24,242.16,16.55,False,False,False
O01029,2025-06-14,2025-06,6,Jun,Q2,C002,Customer 2,Varanasi,Retailer,P022,Product 22,Electrical,Sana,Paid,13,283.62,408.72,15,>10%,5313.36,797.0,4516.36,3687.06,829.3,18.36,False,False,False
O01030,2025-06-02,2025-06,6,Jun,Q2,C029,Customer 29,Patna,Retailer,P024,Product 24,Electrical,Imran,Paid,13,2254.5,3188.71,0,0%,41453.23,0.0,41453.23,29308.5,12144.73,29.3,False,False,False
O01031,2025-03-17,2025-03,3,Mar,Q1,C079,Customer 79,Jaipur,Corporate,P022,Product 22,Electrical,Rahul,Paid,10,283.62,408.72,5,1-5%,4087.2,204.36,3882.84,2836.2,1046.64,26.96,False,False,False
O01032,2025-03-28,2025-03,3,Mar,Q1,C052,Customer 52,Noida,Wholesaler,P001,Product 1,Safety,Amit,Paid,18,905.38,1016.77,5,1-5%,18301.86,915.09,17386.77,16296.84,1089.93,6.27,False,False,False
O01033,2025-04-27,2025-04,4,Apr,Q2,C027,Customer 27,Noida,Retailer,P004,Product 4,Hardware,Rahul,Pending,17,2203.16,2471.22,5,1-5%,42010.74,2100.54,39910.2,37453.72,2456.48,6.16,False,False,False
O01034,2025-12-28,2025-12,12,Dec,Q4,C050,Customer 50,Noida,Retailer,P013,Product 13,Hardware,Sana,Paid,20,2259.01,3086.58,2,1-5%,61731.6,1234.63,60496.97,45180.2,15316.77,25.32,False,False,False
O01035,2025-12-08,2025-12,12,Dec,Q4,C079,Customer 79,Jaipur,Corporate,P023,Product 23,Plumbing,Rahul,Pending,20,471.14,588.79,10,6-10%,11775.8,1177.58,10598.22,9422.8,1175.42,11.09,False,False,False
O01036,2025-01-27,2025-01,1,Jan,Q1,C023,Customer 23,Kanpur,Corporate,P013,Product 13,Hardware,Amit,Paid,13,2259.01,3086.58,0,0%,40125.54,0.0,40125.54,29367.13,10758.41,26.81,False,False,False
O01037,2025-11-09,2025-11,11,Nov,Q4,C044,Customer 44,Patna,Retailer,P013,Product 13,Hardware,Amit,Paid,17,2259.01,3086.58,8,6-10%,52471.86,4197.75,48274.11,38403.17,9870.94,20.45,False,False,False
O01038,2025-10-14,2025-10,10,Oct,Q4,C077,Customer 77,Varanasi,Corporate,P002,Product 2,Paint,Sana,Paid,4,354.61,409.04,0,0%,1636.16,0.0,1636.16,1418.44,217.72,13.31,False,False,False
O01039,2025-05-14,2025-05,5,May,Q2,C022,Customer 22,Delhi,Retailer,P009,Product 9,Safety,Amit,Paid,1,1361.75,1625.94,0,0%,1625.94,0.0,1625.94,1361.75,264.19,16.25,False,False,False
O01040,2025-08-07,2025-08,8,Aug,Q3,C043,Customer 43,Kanpur,Retailer,P024,Product 24,Electrical,Sana,Pending,1,2254.5,3188.71,15,>10%,3188.71,478.31,2710.4,2254.5,455.9,16.82,False,False,False
O01041,2025-06-17,2025-06,6,Jun,Q2,C037,Customer 37,Varanasi,Wholesaler,P008,Product 8,Hardware,Sana,Paid,15,1423.59,1900.7,2,1-5%,28510.5,570.21,27940.29,21353.85,6586.44,23.57,False,False,False
O01042,2025-04-08,2025-04,4,Apr,Q2,C061,Customer 61,Prayagraj,Retailer,P007,Product 7,Paint,Amit,Paid,13,2057.68,2774.42,10,6-10%,36067.46,3606.75,32460.71,26749.84,5710.87,17.59,False,False,False
O01043,2025-09-25,2025-09,9,Sep,Q3,C056,Customer 56,Varanasi,Retailer,P004,Product 4,Hardware,Neha,Overdue,17,2203.16,2471.22,5,1-5%,42010.74,2100.54,39910.2,37453.72,2456.48,6.16,False,False,False
O01044,2025-08-25,2025-08,8,Aug,Q3,C003,Customer 3,Delhi,Retailer,P018,Product 18,Hardware,Sana,Paid,8,2251.01,2590.72,0,0%,20725.76,0.0,20725.76,18008.08,2717.68,13.11,False,False,False
O01045,2025-11-05,2025-11,11,Nov,Q4,C063,Customer 63,Delhi,Retailer,P003,Product 3,Plumbing,Amit,Paid,18,2317.76,3103.38,15,>10%,55860.84,8379.13,47481.71,41719.68,5762.03,12.14,False,False,False
O01046,2025-06-22,2025-06,6,Jun,Q2,C019,Customer 19,Patna,Retailer,P006,Product 6,Electrical,Neha,Paid,13,1677.16,2182.12,2,1-5%,28367.56,567.35,27800.21,21803.08,5997.13,21.57,False,False,False
O01047,2025-07-09,2025-07,7,Jul,Q3,C023,Customer 23,Kanpur,Corporate,P012,Product 12,Paint,Sana,Paid,14,2251.26,2763.16,10,6-10%,38684.24,3868.42,34815.82,31517.64,3298.18,9.47,False,False,False
O01048,2025-05-02,2025-05,5,May,Q2,C029,Customer 29,Patna,Retailer,P012,Product 12,Paint,Neha,Pending,8,2251.26,2763.16,2,1-5%,22105.28,442.11,21663.17,18010.08,3653.09,16.86,False,False,False
O01049,2025-02-15,2025-02,2,Feb,Q1,C030,Customer 30,Varanasi,Corporate,P021,Product 21,Electrical,Imran,Pending,8,1633.72,1961.31,10,6-10%,15690.48,1569.05,14121.43,13069.76,1051.67,7.45,False,False,False
O01050,2025-03-05,2025-03,3,Mar,Q1,C039,Customer 39,Lucknow,Retailer,P008,Product 8,Hardware,Imran,Overdue,15,1423.59,1900.7,0,0%,28510.5,0.0,28510.5,21353.85,7156.65,25.1,False,False,False
O01051,2025-05-10,2025-05,5,May,Q2,C025,Customer 25,Varanasi,Retailer,P022,Product 22,Electrical,Neha,Paid,13,283.62,408.72,5,1-5%,5313.36,265.67,5047.69,3687.06,1360.63,26.96,False,False,False
O01052,2025-11-06,2025-11,11,Nov,Q4,C008,Customer 8,Delhi,Wholesaler,P022,Product 22,Electrical,Sana,Paid,7,283.62,408.72,10,6-10%,2861.04,286.1,2574.94,1985.34,589.6,22.9,False,False,False
O01053,2025-12-29,2025-12,12,Dec,Q4,C058,Customer 58,Lucknow,Retailer,P001,Product 1,Safety,Amit,Pending,5,905.38,1016.77,15,>10%,5083.85,762.58,4321.27,4526.9,-205.63,-4.76,True,False,False
O01054,2025-07-12,2025-07,7,Jul,Q3,C016,Customer 16,Delhi,Corporate,P004,Product 4,Hardware,Rahul,Paid,17,2203.16,2471.22,15,>10%,42010.74,6301.61,35709.13,37453.72,-1744.59,-4.89,True,False,False
O01055,2025-11-03,2025-11,11,Nov,Q4,C072,Customer 72,Kanpur,Retailer,P021,Product 21,Electrical,Amit,Paid,16,1633.72,1961.31,10,6-10%,31380.96,3138.1,28242.86,26139.52,2103.34,7.45,False,False,False
O01056,2025-06-30,2025-06,6,Jun,Q2,C001,Customer 1,Jaipur,Retailer,P011,Product 11,Paint,Rahul,Paid,2,305.31,365.85,10,6-10%,731.7,73.17,658.53,610.62,47.91,7.28,False,False,False
O01057,2025-10-19,2025-10,10,Oct,Q4,C005,Customer 5,Prayagraj,Retailer,P003,Product 3,Plumbing,Rahul,Paid,18,2317.76,3103.38,2,1-5%,55860.84,1117.22,54743.62,41719.68,13023.94,23.79,False,False,False
O01058,2025-10-09,2025-10,10,Oct,Q4,C003,Customer 3,Delhi,Retailer,P013,Product 13,Hardware,Sana,Paid,17,2259.01,3086.58,5,1-5%,52471.86,2623.59,49848.27,38403.17,11445.1,22.96,False,False,False
O01059,2025-01-29,2025-01,1,Jan,Q1,C065,Customer 65,Jaipur,Corporate,P025,Product 25,Hardware,Neha,Pending,7,1547.56,2055.59,5,1-5%,14389.13,719.46,13669.67,10832.92,2836.75,20.75,False,False,False
O01060,2025-05-29,2025-05,5,May,Q2,C004,Customer 4,Jaipur,Corporate,P017,Product 17,Hardware,Amit,Pending,13,1836.81,2401.71,5,1-5%,31222.23,1561.11,29661.12,23878.53,5782.59,19.5,False,False,False
O01061,2025-09-24,2025-09,9,Sep,Q3,C064,Customer 64,Lucknow,Wholesaler,P022,Product 22,Electrical,Neha,Paid,18,283.62,408.72,5,1-5%,7356.96,367.85,6989.11,5105.16,1883.95,26.96,False,False,False
O01062,2025-10-23,2025-10,10,Oct,Q4,C010,Customer 10,Kanpur,Retailer,P022,Product 22,Electrical,Imran,Paid,14,283.62,408.72,5,1-5%,5722.08,286.1,5435.98,3970.68,1465.3,26.96,False,False,False
O01063,2025-01-11,2025-01,1,Jan,Q1,C021,Customer 21,Noida,Retailer,P010,Product 10,Hardware,Sana,Paid,18,665.28,901.47,2,1-5%,16226.46,324.53,15901.93,11975.04,3926.89,24.69,False,False,False
O01064,2025-06-13,2025-06,6,Jun,Q2,C046,Customer 46,Varanasi,Retailer,P021,Product 21,Electrical,Sana,Pending,13,1633.72,1961.31,8,6-10%,25497.03,2039.76,23457.27,21238.36,2218.91,9.46,False,False,False
O01065,2025-04-23,2025-04,4,Apr,Q2,C027,Customer 27,Noida,Retailer,P012,Product 12,Paint,Imran,Paid,11,2251.26,2763.16,2,1-5%,30394.76,607.9,29786.86,24763.86,5023.0,16.86,False,False,False
O01066,2025-07-06,2025-07,7,Jul,Q3,C066,Customer 66,Kanpur,Retailer,P015,Product 15,Hardware,Amit,Pending,16,900.45,1260.85,5,1-5%,20173.6,1008.68,19164.92,14407.2,4757.72,24.83,False,False,False
O01067,2025-10-22,2025-10,10,Oct,Q4,C041,Customer 41,Prayagraj,Corporate,P021,Product 21,Electrical,Imran,Paid,17,1633.72,1961.31,5,1-5%,33342.27,1667.11,31675.16,27773.24,3901.92,12.32,False,False,False
O01068,2025-08-20,2025-08,8,Aug,Q3,C013,Customer 13,Prayagraj,Corporate,P010,Product 10,Hardware,Amit,Paid,8,665.28,901.47,10,6-10%,7211.76,721.18,6490.58,5322.24,1168.34,18.0,False,False,False
O01069,2025-08-15,2025-08,8,Aug,Q3,C009,Customer 9,Jaipur,Wholesaler,P014,Product 14,Paint,Rahul,Paid,19,1612.11,2151.17,8,6-10%,40872.23,3269.78,37602.45,30630.09,6972.36,18.54,False,False,False
O01070,2025-11-06,2025-11,11,Nov,Q4,C036,Customer 36,Delhi,Wholesaler,P013,Product 13,Hardware,Sana,Pending,20,2259.01,3086.58,8,6-10%,61731.6,4938.53,56793.07,45180.2,11612.87,20.45,False,False,False
O01071,2025-04-08,2025-04,4,Apr,Q2,C058,Customer 58,Lucknow,Retailer,P005,Product 5,Electrical,Amit,Paid,15,704.22,826.1,2,1-5%,12391.5,247.83,12143.67,10563.3,1580.37,13.01,False,False,False
O01072,2025-02-24,2025-02,2,Feb,Q1,C054,Customer 54,Varanasi,Wholesaler,P006,Product 6,Electrical,Neha,Paid,9,1677.16,2182.12,5,1-5%,19639.08,981.95,18657.13,15094.44,3562.69,19.1,False,False,False
O01073,2025-04-21,2025-04,4,Apr,Q2,C012,Customer 12,Jaipur,Wholesaler,P024,Product 24,Electrical,Neha,Paid,20,2254.5,3188.71,0,0%,63774.2,0.0,63774.2,45090.0,18684.2,29.3,False,False,False
O01074,2025-06-01,2025-06,6,Jun,Q2,C078,Customer 78,Varanasi,Retailer,P002,Product 2,Paint,Sana,Pending,10,354.61,409.04,5,1-5%,4090.4,204.52,3885.88,3546.1,339.78,8.74,False,False,False
O01075,2025-09-03,2025-09,9,Sep,Q3,C014,Customer 14,Prayagraj,Corporate,P022,Product 22,Electrical,Imran,Pending,12,283.62,408.72,5,1-5%,4904.64,245.23,4659.41,3403.44,1255.97,26.96,False,False,False
O01076,2025-03-10,2025-03,3,Mar,Q1,C034,Customer 34,Kanpur,Corporate,P017,Product 17,Hardware,Imran,Paid,20,1836.81,2401.71,0,0%,48034.2,0.0,48034.2,36736.2,11298.0,23.52,False,False,False
O01077,2025-11-08,2025-11,11,Nov,Q4,C053,Customer 53,Prayagraj,Wholesaler,P004,Product 4,Hardware,Amit,Pending,1,2203.16,2471.22,5,1-5%,2471.22,123.56,2347.66,2203.16,144.5,6.16,False,False,False
O01078,2025-10-16,2025-10,10,Oct,Q4,C020,Customer 20,Prayagraj,Retailer,P014,Product 14,Paint,Imran,Paid,20,1612.11,2151.17,15,>10%,43023.4,6453.51,36569.89,32242.2,4327.69,11.83,False,False,False
O01079,2025-09-07,2025-09,9,Sep,Q3,C075,Customer 75,Delhi,Wholesaler,P010,Product 10,Hardware,Sana,Paid,9,665.28,901.47,15,>10%,8113.23,1216.98,6896.25,5987.52,908.73,13.18,False,False,False
O01080,2025-02-05,2025-02,2,Feb,Q1,C016,Customer 16,Delhi,Corporate,P003,Product 3,Plumbing,Amit,Paid,15,2317.76,3103.38,5,1-5%,46550.7,2327.54,44223.16,34766.4,9456.76,21.38,False,False,False
O01081,2025-08-27,2025-08,8,Aug,Q3,C070,Customer 70,Noida,Retailer,P025,Product 25,Hardware,Rahul,Paid,1,1547.56,2055.59,0,0%,2055.59,0.0,2055.59,1547.56,508.03,24.71,False,False,False
O01082,2025-05-28,2025-05,5,May,Q2,C056,Customer 56,Varanasi,Retailer,P003,Product 3,Plumbing,Imran,Pending,12,2317.76,3103.38,2,1-5%,37240.56,744.81,36495.75,27813.12,8682.63,23.79,False,False,False
O01083,2025-08-15,2025-08,8,Aug,Q3,C058,Customer 58,Lucknow,Retailer,P015,Product 15,Hardware,Imran,Pending,3,900.45,1260.85,5,1-5%,3782.55,189.13,3593.42,2701.35,892.07,24.83,False,False,False
O01084,2025-09-01,2025-09,9,Sep,Q3,C004,Customer 4,Jaipur,Corporate,P006,Product 6,Electrical,Amit,Paid,11,1677.16,2182.12,15,>10%,24003.32,3600.5,20402.82,18448.76,1954.06,9.58,False,False,False
O01085,2025-12-03,2025-12,12,Dec,Q4,C004,Customer 4,Jaipur,Corporate,P017,Product 17,Hardware,Neha,Paid,2,1836.81,2401.71,0,0%,4803.42,0.0,4803.42,3673.62,1129.8,23.52,False,False,False
O01086,2025-12-31,2025-12,12,Dec,Q4,C020,Customer 20,Prayagraj,Retailer,P012,Product 12,Paint,Imran,Pending,16,2251.26,2763.16,10,6-10%,44210.56,4421.06,39789.5,36020.16,3769.34,9.47,False,False,False
O01087,2025-07-20,2025-07,7,Jul,Q3,C010,Customer 10,Kanpur,Retailer,P022,Product 22,Electrical,Sana,Overdue,9,283.62,408.72,0,0%,3678.48,0.0,3678.48,2552.58,1125.9,30.61,False,False,False
O01088,2025-06-03,2025-06,6,Jun,Q2,C024,Customer 24,Patna,Retailer,P020,Product 20,Paint,Imran,Paid,15,1967.3,2375.55,15,>10%,35633.25,5344.99,30288.26,29509.5,778.76,2.57,False,False,False
O01089,2025-03-14,2025-03,3,Mar,Q1,C026,Customer 26,Noida,Wholesaler,P024,Product 24,Electrical,Rahul,Overdue,12,2254.5,3188.71,5,1-5%,38264.52,1913.23,36351.29,27054.0,9297.29,25.58,False,False,False
O01090,2025-07-20,2025-07,7,Jul,Q3,C037,Customer 37,Varanasi,Wholesaler,P011,Product 11,Paint,Imran,Paid,1,305.31,365.85,10,6-10%,365.85,36.58,329.26,305.31,23.96,7.28,False,False,False
O01091,2025-10-23,2025-10,10,Oct,Q4,C054,Customer 54,Varanasi,Wholesaler,P025,Product 25,Hardware,Neha,Paid,13,1547.56,2055.59,5,1-5%,26722.67,1336.13,25386.54,20118.28,5268.26,20.75,False,False,False
O01092,2025-01-17,2025-01,1,Jan,Q1,C021,Customer 21,Noida,Retailer,P004,Product 4,Hardware,Imran,Pending,14,2203.16,2471.22,8,6-10%,34597.08,2767.77,31829.31,30844.24,985.07,3.09,False,False,False
O01093,2025-05-09,2025-05,5,May,Q2,C074,Customer 74,Kanpur,Corporate,P006,Product 6,Electrical,Amit,Paid,8,1677.16,2182.12,2,1-5%,17456.96,349.14,17107.82,13417.28,3690.54,21.57,False,False,False
O01094,2025-08-05,2025-08,8,Aug,Q3,C038,Customer 38,Lucknow,Retailer,P001,Product 1,Safety,Imran,Paid,8,905.38,1016.77,0,0%,8134.16,0.0,8134.16,7243.04,891.12,10.96,False,False,False
O01095,2025-03-02,2025-03,3,Mar,Q1,C046,Customer 46,Varanasi,Retailer,P020,Product 20,Paint,Neha,Paid,12,1967.3,2375.55,15,>10%,28506.6,4275.99,24230.61,23607.6,623.01,2.57,False,False,False
O01096,2025-04-14,2025-04,4,Apr,Q2,C004,Customer 4,Jaipur,Corporate,P023,Product 23,Plumbing,Amit,Pending,1,471.14,588.79,15,>10%,588.79,88.32,500.47,471.14,29.33,5.86,False,False,False
O01097,2025-02-11,2025-02,2,Feb,Q1,C060,Customer 60,Delhi,Retailer,P016,Product 16,Plumbing,Sana,Pending,11,925.09,1236.86,10,6-10%,13605.46,1360.55,12244.91,10175.99,2068.92,16.9,False,False,False
O01098,2025-01-25,2025-01,1,Jan,Q1,C057,Customer 57,Patna,Wholesaler,P015,Product 15,Hardware,Amit,Paid,8,900.45,1260.85,8,6-10%,10086.8,806.94,9279.86,7203.6,2076.26,22.37,False,False,False
O01099,2025-02-08,2025-02,2,Feb,Q1,C045,Customer 45,Varanasi,Retailer,P017,Product 17,Hardware,Rahul,Paid,10,1836.81,2401.71,10,6-10%,24017.1,2401.71,21615.39,18368.1,3247.29,15.02,False,False,False
O01100,2025-10-18,2025-10,10,Oct,Q4,C020,Customer 20,Prayagraj,Retailer,P008,Product 8,Hardware,Amit,Paid,19,1423.59,1900.7,0,0%,36113.3,0.0,36113.3,27048.21,9065.09,25.1,False,False,False
O01101,2025-05-11,2025-05,5,May,Q2,C017,Customer 17,Varanasi,Retailer,P012,Product 12,Paint,Sana,Paid,11,2251.26,2763.16,5,1-5%,30394.76,1519.74,28875.02,24763.86,4111.16,14.24,False,False,False
O01102,2025-08-17,2025-08,8,Aug,Q3,C071,Customer 71,Kanpur,Retailer,P022,Product 22,Electrical,Imran,Paid,7,283.62,408.72,5,1-5%,2861.04,143.05,2717.99,1985.34,732.65,26.96,False,False,False
O01103,2025-04-18,2025-04,4,Apr,Q2,C004,Customer 4,Jaipur,Corporate,P021,Product 21,Electrical,Amit,Pending,11,1633.72,1961.31,8,6-10%,21574.41,1725.95,19848.46,17970.92,1877.54,9.46,False,False,False
O01104,2025-06-21,2025-06,6,Jun,Q2,C014,Customer 14,Prayagraj,Corporate,P010,Product 10,Hardware,Amit,Paid,17,665.28,901.47,5,1-5%,15324.99,766.25,14558.74,11309.76,3248.98,22.32,False,False,False
O01105,2025-04-12,2025-04,4,Apr,Q2,C003,Customer 3,Delhi,Retailer,P015,Product 15,Hardware,Amit,Paid,1,900.45,1260.85,0,0%,1260.85,0.0,1260.85,900.45,360.4,28.58,False,False,False
O01106,2025-12-20,2025-12,12,Dec,Q4,C080,Customer 80,Varanasi,Wholesaler,P009,Product 9,Safety,Amit,Paid,8,1361.75,1625.94,8,6-10%,13007.52,1040.6,11966.92,10894.0,1072.92,8.97,False,False,False
O01107,2025-01-12,2025-01,1,Jan,Q1,C058,Customer 58,Lucknow,Retailer,P002,Product 2,Paint,Sana,Paid,6,354.61,409.04,10,6-10%,2454.24,245.42,2208.82,2127.66,81.16,3.67,False,False,False
O01108,2025-10-02,2025-10,10,Oct,Q4,C055,Customer 55,Jaipur,Wholesaler,P005,Product 5,Electrical,Neha,Overdue,18,704.22,826.1,5,1-5%,14869.8,743.49,14126.31,12675.96,1450.35,10.27,False,False,False
O01109,2025-04-11,2025-04,4,Apr,Q2,C004,Customer 4,Jaipur,Corporate,P006,Product 6,Electrical,Neha,Paid,6,1677.16,2182.12,0,0%,13092.72,0.0,13092.72,10062.96,3029.76,23.14,False,False,False
O01110,2025-02-13,2025-02,2,Feb,Q1,C024,Customer 24,Patna,Retailer,P007,Product 7,Paint,Amit,Paid,5,2057.68,2774.42,2,1-5%,13872.1,277.44,13594.66,10288.4,3306.26,24.32,False,False,False
O01111,2025-11-01,2025-11,11,Nov,Q4,C034,Customer 34,Kanpur,Corporate,P021,Product 21,Electrical,Sana,Paid,13,1633.72,1961.31,2,1-5%,25497.03,509.94,24987.09,21238.36,3748.73,15.0,False,False,False
O01112,2025-01-17,2025-01,1,Jan,Q1,C030,Customer 30,Varanasi,Corporate,P025,Product 25,Hardware,Sana,Paid,19,1547.56,2055.59,5,1-5%,39056.21,1952.81,37103.4,29403.64,7699.76,20.75,False,False,False
O01113,2025-11-26,2025-11,11,Nov,Q4,C019,Customer 19,Patna,Retailer,P001,Product 1,Safety,Amit,Paid,8,905.38,1016.77,8,6-10%,8134.16,650.73,7483.43,7243.04,240.39,3.21,False,False,False
O01114,2025-02-26,2025-02,2,Feb,Q1,C031,Customer 31,Delhi,Wholesaler,P023,Product 23,Plumbing,Rahul,Paid,9,471.14,588.79,8,6-10%,5299.11,423.93,4875.18,4240.26,634.92,13.02,False,False,False
O01115,2025-11-07,2025-11,11,Nov,Q4,C060,Customer 60,Delhi,Retailer,P007,Product 7,Paint,Amit,Paid,17,2057.68,2774.42,8,6-10%,47165.14,3773.21,43391.93,34980.56,8411.37,19.38,False,False,False
O01116,2025-10-30,2025-10,10,Oct,Q4,C060,Customer 60,Delhi,Retailer,P020,Product 20,Paint,Rahul,Paid,3,1967.3,2375.55,5,1-5%,7126.65,356.33,6770.32,5901.9,868.42,12.83,False,False,False
O01117,2025-01-12,2025-01,1,Jan,Q1,C019,Customer 19,Patna,Retailer,P025,Product 25,Hardware,Amit,Paid,19,1547.56,2055.59,10,6-10%,39056.21,3905.62,35150.59,29403.64,5746.95,16.35,False,False,False
O01118,2025-11-14,2025-11,11,Nov,Q4,C049,Customer 49,Noida,Corporate,P012,Product 12,Paint,Rahul,Paid,11,2251.26,2763.16,2,1-5%,30394.76,607.9,29786.86,24763.86,5023.0,16.86,False,False,False
O01119,2025-03-21,2025-03,3,Mar,Q1,C063,Customer 63,Delhi,Retailer,P016,Product 16,Plumbing,Rahul,Overdue,17,925.09,1236.86,5,1-5%,21026.62,1051.33,19975.29,15726.53,4248.76,21.27,False,False,False
O01120,2025-08-04,2025-08,8,Aug,Q3,C022,Customer 22,Delhi,Retailer,P016,Product 16,Plumbing,Amit,Paid,19,925.09,1236.86,10,6-10%,23500.34,2350.03,21150.31,17576.71,3573.6,16.9,False,False,False
O01121,2025-12-05,2025-12,12,Dec,Q4,C024,Customer 24,Patna,Retailer,P011,Product 11,Paint,Rahul,Paid,2,305.31,365.85,2,1-5%,731.7,14.63,717.07,610.62,106.45,14.84,False,False,False
O01122,2025-09-21,2025-09,9,Sep,Q3,C076,Customer 76,Kanpur,Corporate,P021,Product 21,Electrical,Imran,Paid,8,1633.72,1961.31,0,0%,15690.48,0.0,15690.48,13069.76,2620.72,16.7,False,False,False
O01123,2025-05-29,2025-05,5,May,Q2,C030,Customer 30,Varanasi,Corporate,P004,Product 4,Hardware,Neha,Paid,19,2203.16,2471.22,10,6-10%,46953.18,4695.32,42257.86,41860.04,397.82,0.94,False,False,False
O01124,2025-03-22,2025-03,3,Mar,Q1,C058,Customer 58,Lucknow,Retailer,P013,Product 13,Hardware,Sana,Pending,7,2259.01,3086.58,5,1-5%,21606.06,1080.3,20525.76,15813.07,4712.69,22.96,False,False,False
O01125,2025-08-03,2025-08,8,Aug,Q3,C031,Customer 31,Delhi,Wholesaler,P007,Product 7,Paint,Rahul,Paid,17,2057.68,2774.42,8,6-10%,47165.14,3773.21,43391.93,34980.56,8411.37,19.38,False,False,False
O01126,2025-07-17,2025-07,7,Jul,Q3,C064,Customer 64,Lucknow,Wholesaler,P004,Product 4,Hardware,Rahul,Pending,6,2203.16,2471.22,0,0%,14827.32,0.0,14827.32,13218.96,1608.36,10.85,False,False,False
O01127,2025-07-19,2025-07,7,Jul,Q3,C019,Customer 19,Patna,Retailer,P015,Product 15,Hardware,Sana,Paid,19,900.45,1260.85,8,6-10%,23956.15,1916.49,22039.66,17108.55,4931.11,22.37,False,False,False
O01128,2025-01-25,2025-01,1,Jan,Q1,C048,Customer 48,Jaipur,Wholesaler,P019,Product 19,Paint,Rahul,Paid,6,2226.75,2764.17,5,1-5%,16585.02,829.25,15755.77,13360.5,2395.27,15.2,False,False,False
O01129,2025-03-30,2025-03,3,Mar,Q1,C045,Customer 45,Varanasi,Retailer,P009,Product 9,Safety,Sana,Pending,2,1361.75,1625.94,0,0%,3251.88,0.0,3251.88,2723.5,528.38,16.25,False,False,False
O01130,2025-09-25,2025-09,9,Sep,Q3,C055,Customer 55,Jaipur,Wholesaler,P011,Product 11,Paint,Amit,Paid,6,305.31,365.85,8,6-10%,2195.1,175.61,2019.49,1831.86,187.63,9.29,False,False,False
O01131,2025-05-23,2025-05,5,May,Q2,C055,Customer 55,Jaipur,Wholesaler,P008,Product 8,Hardware,Imran,Paid,5,1423.59,1900.7,2,1-5%,9503.5,190.07,9313.43,7117.95,2195.48,23.57,False,False,False
O01132,2025-02-28,2025-02,2,Feb,Q1,C018,Customer 18,Patna,Retailer,P001,Product 1,Safety,Imran,Paid,19,905.38,1016.77,5,1-5%,19318.63,965.93,18352.7,17202.22,1150.48,6.27,False,False,False
O01133,2025-12-31,2025-12,12,Dec,Q4,C063,Customer 63,Delhi,Retailer,P023,Product 23,Plumbing,Neha,Pending,20,471.14,588.79,0,0%,11775.8,0.0,11775.8,9422.8,2353.0,19.98,False,False,False
O01134,2025-01-26,2025-01,1,Jan,Q1,C047,Customer 47,Patna,Wholesaler,P025,Product 25,Hardware,Rahul,Paid,4,1547.56,2055.59,0,0%,8222.36,0.0,8222.36,6190.24,2032.12,24.71,False,False,False
O01135,2025-02-16,2025-02,2,Feb,Q1,C075,Customer 75,Delhi,Wholesaler,P024,Product 24,Electrical,Neha,Pending,17,2254.5,3188.71,5,1-5%,54208.07,2710.4,51497.67,38326.5,13171.17,25.58,False,False,False
O01136,2025-10-15,2025-10,10,Oct,Q4,C057,Customer 57,Patna,Wholesaler,P008,Product 8,Hardware,Amit,Paid,11,1423.59,1900.7,0,0%,20907.7,0.0,20907.7,15659.49,5248.21,25.1,False,False,False
O01137,2025-09-23,2025-09,9,Sep,Q3,C045,Customer 45,Varanasi,Retailer,P013,Product 13,Hardware,Imran,Pending,4,2259.01,3086.58,15,>10%,12346.32,1851.95,10494.37,9036.04,1458.33,13.9,False,False,False
O01138,2025-01-16,2025-01,1,Jan,Q1,C033,Customer 33,Varanasi,Retailer,P022,Product 22,Electrical,Amit,Paid,13,283.62,408.72,0,0%,5313.36,0.0,5313.36,3687.06,1626.3,30.61,False,False,False
O01139,2025-07-18,2025-07,7,Jul,Q3,C017,Customer 17,Varanasi,Retailer,P004,Product 4,Hardware,Amit,Pending,20,2203.16,2471.22,5,1-5%,49424.4,2471.22,46953.18,44063.2,2889.98,6.16,False,False,False
O01140,2025-10-09,2025-10,10,Oct,Q4,C070,Customer 70,Noida,Retailer,P008,Product 8,Hardware,Rahul,Paid,17,1423.59,1900.7,0,0%,32311.9,0.0,32311.9,24201.03,8110.87,25.1,False,False,False
O01141,2025-03-27,2025-03,3,Mar,Q1,C004,Customer 4,Jaipur,Corporate,P003,Product 3,Plumbing,Amit,Overdue,9,2317.76,3103.38,5,1-5%,27930.42,1396.52,26533.9,20859.84,5674.06,21.38,False,False,False
O01142,2025-09-07,2025-09,9,Sep,Q3,C020,Customer 20,Prayagraj,Retailer,P009,Product 9,Safety,Imran,Paid,4,1361.75,1625.94,15,>10%,6503.76,975.56,5528.2,5447.0,81.2,1.47,False,False,False
O01143,2025-09-27,2025-09,9,Sep,Q3,C047,Customer 47,Patna,Wholesaler,P002,Product 2,Paint,Neha,Paid,14,354.61,409.04,2,1-5%,5726.56,114.53,5612.03,4964.54,647.49,11.54,False,False,False
O01144,2025-12-01,2025-12,12,Dec,Q4,C015,Customer 15,Patna,Wholesaler,P002,Product 2,Paint,Imran,Paid,19,354.61,409.04,15,>10%,7771.76,1165.76,6606.0,6737.59,-131.59,-1.99,True,False,False
O01145,2025-04-27,2025-04,4,Apr,Q2,C070,Customer 70,Noida,Retailer,P013,Product 13,Hardware,Rahul,Paid,3,2259.01,3086.58,2,1-5%,9259.74,185.19,9074.55,6777.03,2297.52,25.32,False,False,False
O01146,2025-01-07,2025-01,1,Jan,Q1,C047,Customer 47,Patna,Wholesaler,P015,Product 15,Hardware,Imran,Paid,14,900.45,1260.85,8,6-10%,17651.9,1412.15,16239.75,12606.3,3633.45,22.37,False,False,False
O01147,2025-05-17,2025-05,5,May,Q2,C078,Customer 78,Varanasi,Retailer,P023,Product 23,Plumbing,Sana,Overdue,8,471.14,588.79,5,1-5%,4710.32,235.52,4474.8,3769.12,705.68,15.77,False,False,False
O01148,2025-06-25,2025-06,6,Jun,Q2,C075,Customer 75,Delhi,Wholesaler,P012,Product 12,Paint,Neha,Overdue,1,2251.26,2763.16,10,6-10%,2763.16,276.32,2486.84,2251.26,235.58,9.47,False,False,False
O01149,2025-11-24,2025-11,11,Nov,Q4,C009,Customer 9,Jaipur,Wholesaler,P004,Product 4,Hardware,Sana,Paid,10,2203.16,2471.22,8,6-10%,24712.2,1976.98,22735.22,22031.6,703.62,3.09,False,False,False
O01150,2025-11-11,2025-11,11,Nov,Q4,C016,Customer 16,Delhi,Corporate,P008,Product 8,Hardware,Sana,Overdue,18,1423.59,1900.7,5,1-5%,34212.6,1710.63,32501.97,25624.62,6877.35,21.16,False,False,False
O01151,2025-08-03,2025-08,8,Aug,Q3,C069,Customer 69,Varanasi,Retailer,P009,Product 9,Safety,Rahul,Paid,16,1361.75,1625.94,2,1-5%,26015.04,520.3,25494.74,21788.0,3706.74,14.54,False,False,False
O01152,2025-03-23,2025-03,3,Mar,Q1,C061,Customer 61,Prayagraj,Retailer,P023,Product 23,Plumbing,Amit,Paid,8,471.14,588.79,2,1-5%,4710.32,94.21,4616.11,3769.12,846.99,18.35,False,False,False
O01153,2025-08-11,2025-08,8,Aug,Q3,C010,Customer 10,Kanpur,Retailer,P005,Product 5,Electrical,Sana,Pending,1,704.22,826.1,15,>10%,826.1,123.92,702.18,704.22,-2.03,-0.29,True,False,False
O01154,2025-04-13,2025-04,4,Apr,Q2,C050,Customer 50,Noida,Retailer,P024,Product 24,Electrical,Imran,Paid,12,2254.5,3188.71,5,1-5%,38264.52,1913.23,36351.29,27054.0,9297.29,25.58,False,False,False
O01155,2025-09-30,2025-09,9,Sep,Q3,C003,Customer 3,Delhi,Retailer,P020,Product 20,Paint,Amit,Overdue,8,1967.3,2375.55,5,1-5%,19004.4,950.22,18054.18,15738.4,2315.78,12.83,False,False,False
O01156,2025-01-14,2025-01,1,Jan,Q1,C077,Customer 77,Varanasi,Corporate,P018,Product 18,Hardware,Imran,Paid,16,2251.01,2590.72,10,6-10%,41451.52,4145.15,37306.37,36016.16,1290.21,3.46,False,False,False
O01157,2025-06-08,2025-06,6,Jun,Q2,C070,Customer 70,Noida,Retailer,P011,Product 11,Paint,Imran,Paid,18,305.31,365.85,5,1-5%,6585.3,329.26,6256.04,5495.58,760.46,12.16,False,False,False
O01158,2025-06-01,2025-06,6,Jun,Q2,C051,Customer 51,Jaipur,Retailer,P015,Product 15,Hardware,Amit,Paid,4,900.45,1260.85,15,>10%,5043.4,756.51,4286.89,3601.8,685.09,15.98,False,False,False
O01159,2025-04-18,2025-04,4,Apr,Q2,C019,Customer 19,Patna,Retailer,P022,Product 22,Electrical,Amit,Paid,6,283.62,408.72,8,6-10%,2452.32,196.19,2256.13,1701.72,554.41,24.57,False,False,False
O01160,2025-07-07,2025-07,7,Jul,Q3,C042,Customer 42,Jaipur,Wholesaler,P009,Product 9,Safety,Imran,Paid,12,1361.75,1625.94,8,6-10%,19511.28,1560.9,17950.38,16341.0,1609.38,8.97,False,False,False
O01161,2025-10-28,2025-10,10,Oct,Q4,C035,Customer 35,Noida,Wholesaler,P017,Product 17,Hardware,Rahul,Overdue,9,1836.81,2401.71,10,6-10%,21615.39,2161.54,19453.85,16531.29,2922.56,15.02,False,False,False
O01162,2025-04-08,2025-04,4,Apr,Q2,C046,Customer 46,Varanasi,Retailer,P012,Product 12,Paint,Neha,Pending,15,2251.26,2763.16,0,0%,41447.4,0.0,41447.4,33768.9,7678.5,18.53,False,False,False
O01163,2025-05-11,2025-05,5,May,Q2,C026,Customer 26,Noida,Wholesaler,P007,Product 7,Paint,Neha,Pending,16,2057.68,2774.42,5,1-5%,44390.72,2219.54,42171.18,32922.88,9248.3,21.93,False,False,False
O01164,2025-10-20,2025-10,10,Oct,Q4,C069,Customer 69,Varanasi,Retailer,P010,Product 10,Hardware,Rahul,Paid,12,665.28,901.47,5,1-5%,10817.64,540.88,10276.76,7983.36,2293.4,22.32,False,False,False
O01165,2025-06-20,2025-06,6,Jun,Q2,C064,Customer 64,Lucknow,Wholesaler,P025,Product 25,Hardware,Amit,Paid,14,1547.56,2055.59,2,1-5%,28778.26,575.57,28202.69,21665.84,6536.85,23.18,False,False,False
O01166,2025-07-02,2025-07,7,Jul,Q3,C037,Customer 37,Varanasi,Wholesaler,P025,Product 25,Hardware,Imran,Paid,13,1547.56,2055.59,8,6-10%,26722.67,2137.81,24584.86,20118.28,4466.58,18.17,False,False,False
O01167,2025-12-30,2025-12,12,Dec,Q4,C049,Customer 49,Noida,Corporate,P010,Product 10,Hardware,Neha,Paid,2,665.28,901.47,15,>10%,1802.94,270.44,1532.5,1330.56,201.94,13.18,False,False,False
O01168,2025-02-08,2025-02,2,Feb,Q1,C021,Customer 21,Noida,Retailer,P013,Product 13,Hardware,Imran,Paid,3,2259.01,3086.58,5,1-5%,9259.74,462.99,8796.75,6777.03,2019.72,22.96,False,False,False
O01169,2025-01-15,2025-01,1,Jan,Q1,C074,Customer 74,Kanpur,Corporate,P019,Product 19,Paint,Rahul,Pending,10,2226.75,2764.17,5,1-5%,27641.7,1382.08,26259.62,22267.5,3992.12,15.2,False,False,False
O01170,2025-01-04,2025-01,1,Jan,Q1,C064,Customer 64,Lucknow,Wholesaler,P011,Product 11,Paint,Imran,Paid,9,305.31,365.85,15,>10%,3292.65,493.9,2798.75,2747.79,50.96,1.82,False,False,False
O01171,2025-12-15,2025-12,12,Dec,Q4,C005,Customer 5,Prayagraj,Retailer,P013,Product 13,Hardware,Rahul,Paid,20,2259.01,3086.58,5,1-5%,61731.6,3086.58,58645.02,45180.2,13464.82,22.96,False,False,False
O01172,2025-07-29,2025-07,7,Jul,Q3,C070,Customer 70,Noida,Retailer,P021,Product 21,Electrical,Amit,Paid,8,1633.72,1961.31,5,1-5%,15690.48,784.52,14905.96,13069.76,1836.2,12.32,False,False,False
O01173,2025-06-10,2025-06,6,Jun,Q2,C004,Customer 4,Jaipur,Corporate,P008,Product 8,Hardware,Rahul,Paid,10,1423.59,1900.7,5,1-5%,19007.0,950.35,18056.65,14235.9,3820.75,21.16,False,False,False
O01174,2025-01-16,2025-01,1,Jan,Q1,C039,Customer 39,Lucknow,Retailer,P008,Product 8,Hardware,Rahul,Paid,19,1423.59,1900.7,15,>10%,36113.3,5417.0,30696.3,27048.21,3648.1,11.88,False,False,False
O01175,2025-04-18,2025-04,4,Apr,Q2,C035,Customer 35,Noida,Wholesaler,P004,Product 4,Hardware,Neha,Overdue,3,2203.16,2471.22,8,6-10%,7413.66,593.09,6820.57,6609.48,211.09,3.09,False,False,False
O01176,2025-11-07,2025-11,11,Nov,Q4,C001,Customer 1,Jaipur,Retailer,P015,Product 15,Hardware,Imran,Paid,5,900.45,1260.85,10,6-10%,6304.25,630.42,5673.82,4502.25,1171.58,20.65,False,False,False
O01177,2025-08-15,2025-08,8,Aug,Q3,C024,Customer 24,Patna,Retailer,P011,Product 11,Paint,Neha,Pending,3,305.31,365.85,10,6-10%,1097.55,109.76,987.8,915.93,71.87,7.28,False,False,False
O01178,2025-06-19,2025-06,6,Jun,Q2,C057,Customer 57,Patna,Wholesaler,P011,Product 11,Paint,Sana,Paid,16,305.31,365.85,5,1-5%,5853.6,292.68,5560.92,4884.96,675.96,12.16,False,False,False
O01179,2025-02-03,2025-02,2,Feb,Q1,C070,Customer 70,Noida,Retailer,P001,Product 1,Safety,Rahul,Paid,17,905.38,1016.77,5,1-5%,17285.09,864.25,16420.84,15391.46,1029.38,6.27,False,False,False
O01180,2025-09-08,2025-09,9,Sep,Q3,C041,Customer 41,Prayagraj,Corporate,P017,Product 17,Hardware,Sana,Paid,15,1836.81,2401.71,10,6-10%,36025.65,3602.56,32423.08,27552.15,4870.94,15.02,False,False,False
O01181,2025-09-04,2025-09,9,Sep,Q3,C054,Customer 54,Varanasi,Wholesaler,P015,Product 15,Hardware,Neha,Pending,3,900.45,1260.85,5,1-5%,3782.55,189.13,3593.42,2701.35,892.07,24.83,False,False,False
O01182,2025-09-26,2025-09,9,Sep,Q3,C046,Customer 46,Varanasi,Retailer,P020,Product 20,Paint,Imran,Pending,12,1967.3,2375.55,10,6-10%,28506.6,2850.66,25655.94,23607.6,2048.34,7.98,False,False,False
O01183,2025-05-21,2025-05,5,May,Q2,C060,Customer 60,Delhi,Retailer,P006,Product 6,Electrical,Neha,Paid,9,1677.16,2182.12,15,>10%,19639.08,2945.86,16693.22,15094.44,1598.78,9.58,False,False,False
O01184,2025-10-01,2025-10,10,Oct,Q4,C060,Customer 60,Delhi,Retailer,P024,Product 24,Electrical,Imran,Paid,12,2254.5,3188.71,8,6-10%,38264.52,3061.16,35203.36,27054.0,8149.36,23.15,False,False,False
O01185,2025-04-06,2025-04,4,Apr,Q2,C057,Customer 57,Patna,Wholesaler,P022,Product 22,Electrical,Imran,Paid,15,283.62,408.72,8,6-10%,6130.8,490.46,5640.34,4254.3,1386.04,24.57,False,False,False
O01186,2025-08-15,2025-08,8,Aug,Q3,C031,Customer 31,Delhi,Wholesaler,P025,Product 25,Hardware,Amit,Paid,2,1547.56,2055.59,10,6-10%,4111.18,411.12,3700.06,3095.12,604.94,16.35,False,False,False
O01187,2025-02-08,2025-02,2,Feb,Q1,C024,Customer 24,Patna,Retailer,P015,Product 15,Hardware,Rahul,Overdue,18,900.45,1260.85,10,6-10%,22695.3,2269.53,20425.77,16208.1,4217.67,20.65,False,False,False
O01188,2025-10-29,2025-10,10,Oct,Q4,C036,Customer 36,Delhi,Wholesaler,P009,Product 9,Safety,Neha,Paid,20,1361.75,1625.94,5,1-5%,32518.8,1625.94,30892.86,27235.0,3657.86,11.84,False,False,False
O01189,2025-01-29,2025-01,1,Jan,Q1,C030,Customer 30,Varanasi,Corporate,P014,Product 14,Paint,Imran,Paid,12,1612.11,2151.17,0,0%,25814.04,0.0,25814.04,19345.32,6468.72,25.06,False,False,False
O01190,2025-11-14,2025-11,11,Nov,Q4,C024,Customer 24,Patna,Retailer,P018,Product 18,Hardware,Neha,Paid,4,2251.01,2590.72,5,1-5%,10362.88,518.14,9844.74,9004.04,840.7,8.54,False,False,False
O01191,2025-09-02,2025-09,9,Sep,Q3,C030,Customer 30,Varanasi,Corporate,P017,Product 17,Hardware,Neha,Paid,16,1836.81,2401.71,8,6-10%,38427.36,3074.19,35353.17,29388.96,5964.21,16.87,False,False,False
O01192,2025-08-24,2025-08,8,Aug,Q3,C007,Customer 7,Delhi,Retailer,P018,Product 18,Hardware,Imran,Paid,16,2251.01,2590.72,5,1-5%,41451.52,2072.58,39378.94,36016.16,3362.78,8.54,False,False,False
O01193,2025-07-04,2025-07,7,Jul,Q3,C035,Customer 35,Noida,Wholesaler,P005,Product 5,Electrical,Sana,Paid,1,704.22,826.1,8,6-10%,826.1,66.09,760.01,704.22,55.79,7.34,False,False,False
O01194,2025-09-29,2025-09,9,Sep,Q3,C055,Customer 55,Jaipur,Wholesaler,P020,Product 20,Paint,Rahul,Pending,2,1967.3,2375.55,5,1-5%,4751.1,237.56,4513.54,3934.6,578.95,12.83,False,False,False
O01195,2025-08-24,2025-08,8,Aug,Q3,C014,Customer 14,Prayagraj,Corporate,P020,Product 20,Paint,Rahul,Pending,3,1967.3,2375.55,8,6-10%,7126.65,570.13,6556.52,5901.9,654.62,9.98,False,False,False
O01196,2025-08-27,2025-08,8,Aug,Q3,C010,Customer 10,Kanpur,Retailer,P009,Product 9,Safety,Amit,Paid,20,1361.75,1625.94,2,1-5%,32518.8,650.38,31868.42,27235.0,4633.42,14.54,False,False,False
O01197,2025-09-23,2025-09,9,Sep,Q3,C080,Customer 80,Varanasi,Wholesaler,P011,Product 11,Paint,Amit,Pending,17,305.31,365.85,8,6-10%,6219.45,497.56,5721.89,5190.27,531.62,9.29,False,False,False
O01198,2025-12-25,2025-12,12,Dec,Q4,C016,Customer 16,Delhi,Corporate,P024,Product 24,Electrical,Amit,Paid,20,2254.5,3188.71,5,1-5%,63774.2,3188.71,60585.49,45090.0,15495.49,25.58,False,False,False
O01199,2025-12-06,2025-12,12,Dec,Q4,C054,Customer 54,Varanasi,Wholesaler,P022,Product 22,Electrical,Rahul,Paid,1,283.62,408.72,2,1-5%,408.72,8.17,400.55,283.62,116.93,29.19,False,False,False
O01200,2025-03-06,2025-03,3,Mar,Q1,C077,Customer 77,Varanasi,Corporate,P001,Product 1,Safety,Sana,Paid,20,905.38,1016.77,5,1-5%,20335.4,1016.77,19318.63,18107.6,1211.03,6.27,False,False,False
